magnitude,depth,population_density,infrastructure,urban,time_night,distance,damage,casualty_risk,blackout
5.7,54.312769587940714,932,2,0,1,115.28895868433293,Medium,Medium,Failure
8.3,50.522278374824445,4458,9,1,1,85.25570260527053,Low,Medium,Risk
7.3,7.435996251611391,4118,10,0,1,216.87296093854178,Low,Medium,Risk
6.7,37.418543624484855,3327,9,1,0,258.7006695557267,Low,Low,Safe
4.7,41.11858378465642,8616,6,0,1,196.56918833376852,Medium,Medium,Risk
4.7,42.88816418520555,8001,3,0,1,153.9655925833182,Medium,High,Risk
4.3,60.11637507659657,4740,1,0,0,48.5185052864073,Low,Medium,Risk
7.9,55.69224193905345,4645,4,1,0,16.98415506884063,High,Medium,Failure
6.7,62.75098381537724,4609,3,0,0,134.26184528377718,Medium,Medium,Failure
7.2,77.66390984650218,7341,1,0,0,15.75551954552896,High,High,Failure
4.1,82.23364517802888,8210,3,0,1,171.23105494026032,Low,High,Risk
8.4,73.22169224151696,162,4,0,0,115.43602820401361,High,Low,Failure
7.7,95.7747511157188,5181,8,1,1,227.39954678490886,Low,Medium,Risk
5.0,6.732095354254355,3247,9,1,1,92.38890055401885,Low,Medium,Safe
4.8,23.59890863993688,189,3,1,1,178.3018275892622,Low,Low,Risk
4.8,5.718473122923501,1474,6,1,1,161.76737300477504,Low,Low,Risk
5.4,66.5100978446873,2999,10,0,1,2.4090152311501067,Low,Low,Safe
6.4,90.31290215024876,3218,5,1,0,22.644430081028794,Low,Medium,Risk
5.9,28.13081817474843,8758,6,0,1,87.82009553332013,Medium,High,Risk
5.3,93.06828175564914,6093,4,1,1,264.78828922520876,Medium,Medium,Risk
6.8,10.725402077508281,7039,10,1,1,44.95747151503379,Medium,Medium,Safe
4.6,93.77142254652385,7286,6,1,0,213.55740480770194,Low,Medium,Risk
5.3,38.40415528776527,6311,7,0,1,292.0366032795339,Low,Medium,Risk
5.6,14.63497870267557,937,9,1,1,237.3796982546554,Low,Low,Safe
6.1,51.15781712270093,3154,10,1,0,73.64066314442614,Low,Low,Safe
7.5,29.393773933448255,99,7,1,1,272.6012128635114,Medium,Low,Risk
4.9,32.06292568638267,4001,6,0,1,28.839039796008635,Low,Medium,Safe
6.3,34.19254666799722,3610,1,1,0,140.97444061935,High,Medium,Failure
6.7,81.28746029410303,68,2,1,1,266.3750304101977,Medium,Medium,Failure
4.2,56.22032128414918,4871,1,0,1,192.73844706780406,Low,High,Failure
6.7,34.57423141982035,6390,9,0,1,124.67972485358196,Medium,Medium,Safe
4.8,62.98170941453724,8108,10,1,1,88.55104715441347,Low,Medium,Safe
4.3,73.03431405120338,9715,10,1,1,113.15472219018663,Low,Medium,Safe
8.3,30.89928006968571,2656,9,1,0,153.17359252177658,Medium,Low,Risk
8.3,44.287164644908394,7896,7,0,0,96.39413503196941,High,Medium,Risk
7.6,16.579178867010018,8693,2,0,0,290.7213907626076,High,High,Failure
5.4,22.20918820579463,6482,6,0,1,279.9902182667774,Low,Medium,Risk
4.4,69.70619612667336,3815,4,1,1,261.3307689960819,Low,Medium,Risk
7.1,22.23664303108456,2488,1,0,1,127.12712082127337,High,Medium,Failure
6.0,54.89052144837071,9791,1,1,0,207.69922903123344,High,High,Failure
4.5,72.35939486363111,6408,5,0,1,270.94596280375345,Low,Medium,Risk
6.2,15.153307694000665,8369,2,0,1,255.27841681599946,High,High,Failure
4.2,58.89466086474584,5991,4,0,1,124.88377719204209,Low,High,Risk
8.1,29.37346445162956,7694,1,1,0,34.60342874735595,High,High,Failure
5.2,96.47805314757008,4905,4,1,0,23.61347878653029,Low,Medium,Risk
7.0,50.93683643839285,6597,6,1,1,173.5421495224851,Medium,Medium,Risk
5.4,81.56929222864002,7246,10,1,1,193.14575262806855,Low,Medium,Safe
6.3,57.27152150484487,5961,4,0,1,255.1029387745102,Medium,Medium,Failure
6.5,9.12419062120782,6531,1,1,0,88.46199108196828,High,Medium,Failure
4.8,65.14938068143212,2811,7,0,0,51.0736766744627,Low,Low,Safe
8.4,95.38331750963242,4506,2,1,0,114.32274412028164,High,Medium,Failure
7.5,62.15312291390146,9657,9,1,1,106.71896196605024,Medium,Medium,Risk
8.2,82.82294164554507,6411,3,0,0,40.608217251338566,High,Medium,Failure
8.0,88.99961401809874,5743,8,0,1,202.0125131014325,Medium,Medium,Risk
6.7,26.667578335148583,5838,8,1,1,153.09889027808342,Medium,Medium,Risk
8.1,25.14425979128153,251,3,1,0,216.6157040783151,High,Low,Failure
4.4,63.04319394084421,6210,4,0,1,106.45464493075067,Low,Medium,Risk
4.9,44.04770463163695,567,2,0,0,98.38496126173298,Low,Low,Risk
4.2,84.78682377233844,7787,4,0,1,142.30018006011284,Low,High,Risk
5.5,90.50219672281106,9583,9,0,1,263.344796273149,Low,High,Safe
5.7,38.57503103375822,2038,2,0,0,13.044110713460121,Medium,Low,Failure
5.2,27.502703102575797,3852,3,1,1,241.64501237164515,Medium,Medium,Failure
7.7,79.14992394816687,5858,4,1,1,111.3272961846692,High,Medium,Failure
5.6,31.10657337707293,7212,5,1,1,256.53108871075483,Medium,Medium,Risk
5.3,83.14836025879944,6291,1,1,1,240.85869964192108,Medium,High,Failure
6.4,45.25513409663247,8449,7,0,1,105.27961297143042,Medium,High,Risk
4.6,68.4172404326897,5683,10,0,1,208.4690840611632,Low,Medium,Safe
7.6,14.075854814293477,5805,7,0,1,48.7301942752586,Medium,Medium,Risk
4.3,64.26663584427445,6359,9,1,1,268.98818409697265,Low,Medium,Safe
8.4,47.91792948003677,4167,4,0,0,121.94282827112092,High,Medium,Failure
7.5,60.72780400167004,8395,6,0,0,137.23205899120487,High,Medium,Risk
4.9,20.961349735762024,1568,2,1,1,212.0219562600585,Medium,Medium,Failure
4.0,75.0030057696973,6213,4,1,1,246.43123077475045,Low,High,Risk
7.7,86.96572236660671,2650,2,1,0,71.66648025513467,High,Medium,Failure
7.2,25.590281008623688,2245,10,0,1,198.74369182322164,Low,Low,Risk
7.3,14.092882774415363,3604,5,0,0,118.2074151228554,Medium,Low,Risk
7.5,7.245665674401957,2899,7,1,0,111.24217427718443,Medium,Low,Risk
4.3,65.98729254211027,1792,1,1,0,207.31772135825577,Low,Medium,Failure
5.6,62.673933428434175,1356,10,0,1,116.76779897262436,Low,Low,Safe
4.5,56.936254207836654,3899,10,1,1,104.48644154915789,Low,Low,Safe
7.9,27.034974131017666,7569,7,0,1,250.9306340297465,High,High,Risk
6.8,42.13606961102389,4245,10,1,0,31.281561025470904,Low,Low,Safe
5.5,61.47525184268644,5228,6,1,0,203.091894226233,Low,Medium,Risk
4.3,52.19285159162109,2605,6,1,0,75.36889274339677,Low,Low,Safe
5.4,98.8396244204143,2355,8,0,1,5.633974306030901,Low,Low,Safe
5.5,17.961776492889648,7669,8,0,0,50.862516392934914,Low,Medium,Safe
7.3,71.03873263452141,9330,6,1,0,182.39179740298445,High,Medium,Risk
6.9,43.410282969907755,2692,3,0,1,213.0290302542953,Medium,Medium,Failure
8.0,45.6789634179334,9419,5,1,0,7.296277283339693,High,Medium,Risk
6.1,73.17178773752674,6459,2,1,0,11.891207547214325,High,Medium,Risk
4.5,70.78143437581511,4807,5,0,1,270.860092338043,Low,Medium,Risk
7.2,99.1693194017079,3044,9,0,1,22.91843961600223,Low,Low,Safe
7.4,17.197457498141898,8801,10,0,0,268.3604654263548,Medium,Medium,Risk
6.5,14.890416691495801,1321,1,0,1,69.22160821152083,Medium,Medium,Failure
7.5,73.81218762723041,1863,10,1,0,222.26532224730565,Low,Low,Risk
6.2,59.94675711560886,8851,5,0,1,93.61024143485761,Medium,High,Risk
6.4,31.04526332318156,2511,6,0,0,257.766855657146,Medium,Low,Risk
5.9,12.544840053953727,4170,7,1,1,210.436004761883,Low,Medium,Risk
4.1,13.1375337116609,6174,9,1,0,121.14222412190685,Low,Low,Safe
4.5,89.94813309309124,8525,6,1,1,23.814433798049784,Low,High,Safe
4.1,23.227395848280576,4446,5,1,1,220.0773549773713,Low,Medium,Risk
6.9,35.72029840097447,9333,7,0,1,185.4485420335893,Medium,High,Risk
5.4,26.53235821156386,866,1,0,1,1.8706036323028334,Low,Medium,Failure
6.3,38.724649054034046,7354,5,1,1,3.816536935761152,Medium,Medium,Risk
8.1,11.59526506087887,7381,2,1,1,242.82909898461548,High,High,Failure
5.1,54.31068013628568,132,4,0,1,78.5605219017543,Low,Low,Risk
5.8,11.423193541260416,1970,7,0,0,191.20396665069163,Low,Low,Risk
7.4,81.03386824312435,7867,5,0,0,136.810111509809,Medium,Medium,Risk
5.0,27.202647781491137,2143,6,0,1,259.1655743420084,Low,Medium,Risk
4.3,56.301131887428504,7121,2,0,1,275.1713728176441,Low,High,Failure
5.3,88.60751331833853,8017,3,1,0,299.04550609097737,Medium,Medium,Failure
4.7,66.83335005948345,8417,7,1,0,46.9515566063668,Low,Medium,Safe
8.2,55.63098972237685,5335,2,1,1,259.02624989616714,High,Medium,Failure
7.6,35.81170654596068,4987,6,1,0,80.54039164191173,Medium,Medium,Risk
6.9,36.63518174052881,419,5,0,0,177.65394659375679,Medium,Low,Risk
7.9,68.60126074382806,1868,10,1,1,152.22607732689406,Low,Low,Safe
7.6,99.44323931601092,2151,1,0,1,6.378451340143909,High,Medium,Failure
4.8,67.87472303569098,3540,10,0,1,279.8986126919223,Low,Low,Safe
8.0,57.989424650152365,1829,4,0,0,24.419789489616317,Medium,Low,Failure
6.4,74.41179847272838,7724,2,0,1,206.777456902913,High,High,Failure
7.6,49.19453316695322,1414,4,0,1,235.71704402627034,Medium,Medium,Failure
8.0,10.713522547074597,7344,1,0,0,238.7910668652576,High,High,Failure
5.4,58.418197508401434,3726,2,0,1,41.512861159724594,Medium,Medium,Failure
4.5,95.97440202801111,2476,8,1,0,134.82341520188365,Low,Low,Safe
5.0,21.653779523977665,8314,6,0,0,248.99923225975996,Low,Medium,Risk
5.9,70.55046462796325,8139,2,1,0,91.50108390324765,Medium,High,Failure
7.7,24.088700422610366,3012,6,1,0,140.8568539370244,High,Low,Risk
7.9,55.90363002494272,909,10,0,0,82.5653739172539,Low,Low,Safe
4.0,14.184262716438363,4188,9,0,0,139.60187394771194,Low,Low,Safe
6.3,47.78523894452759,2474,7,1,1,266.46353885527117,Low,Low,Risk
5.9,76.83551624504838,9306,9,1,1,137.08214507879808,Medium,Medium,Safe
5.0,38.0192948027033,4067,5,1,1,167.2176931052218,Low,Medium,Risk
4.5,68.16661382628571,8610,7,1,0,121.78890870762199,Low,Medium,Safe
5.5,80.56774627502428,8392,7,0,1,138.57503777779434,Low,Medium,Risk
8.2,93.081892850548,1184,3,0,0,5.537085514880088,Medium,Low,Failure
5.5,27.290997776268085,5216,7,0,1,85.83990747817634,Low,Medium,Risk
6.3,42.935012001884274,5169,1,1,0,131.5379348008055,High,Medium,Failure
7.2,19.479521266389654,5744,9,0,1,190.50529582182594,Low,Medium,Risk
5.6,99.28593270504565,6186,10,1,0,135.56552723561376,Low,Low,Safe
8.4,93.06509195280806,5535,6,0,1,102.00729595314765,High,Medium,Risk
8.3,56.29592737665316,4214,5,1,0,117.041521867903,High,Medium,Failure
5.1,84.99316296576002,2396,7,0,1,73.4457054309395,Low,Low,Safe
6.2,54.491007840844006,5089,5,0,0,277.42379054944183,Medium,Medium,Risk
5.4,64.24064036026218,4947,10,1,1,157.00122451148346,Low,Low,Safe
5.3,13.46682105102158,8302,5,1,1,5.009426707764811,Medium,High,Risk
4.2,76.75068994719675,5091,10,1,1,6.814431267444437,Low,Medium,Safe
6.7,17.132780945347307,3951,7,1,0,291.91552885066045,Medium,Low,Risk
6.3,83.4764248739902,1387,10,1,0,67.21381652060026,Low,Low,Safe
4.2,79.29266832868666,1234,7,0,0,241.8768783554801,Low,Low,Safe
5.3,72.33074628558276,4476,3,1,0,18.42431516661177,Medium,Medium,Risk
8.1,8.4352361498524,1601,3,0,0,276.42765827167017,High,Low,Failure
5.1,33.79719381480622,1679,10,0,1,262.45068409633683,Low,Low,Safe
4.7,29.995694141530073,9569,3,0,0,171.7568555679199,Medium,High,Risk
6.2,39.212958709794314,1576,6,0,1,3.690598527693476,Low,Medium,Risk
8.4,13.326060942564661,9915,6,0,1,78.08545133297794,High,High,Risk
5.1,94.01099318795096,1411,3,1,0,122.63997157214102,Low,Low,Risk
7.0,57.61121286767575,9815,3,1,1,138.55917090752098,High,High,Failure
7.4,34.024809512512235,4420,8,0,0,90.00594881014923,Medium,Low,Risk
5.1,42.71324412205693,5333,8,0,0,10.851412605413463,Low,Low,Safe
7.3,47.48424134795939,7660,7,1,0,177.44809437203608,Medium,Low,Risk
5.7,62.056461669258645,2043,10,1,1,157.722245640732,Low,Low,Safe
6.8,53.98954563116729,919,4,0,0,85.61718999329423,Medium,Low,Risk
6.9,92.34223745536964,1064,4,1,0,12.354814303312352,Medium,Low,Risk
6.4,52.21153087605387,652,3,1,0,298.3836619793601,Medium,Low,Failure
4.4,99.2550114082147,740,5,1,1,145.11386986109537,Low,Low,Risk
7.8,85.88537098578409,8735,3,0,0,227.04526829044906,High,High,Failure
5.4,24.8084988639469,539,8,1,1,136.2418964803493,Low,Low,Safe
4.8,93.40654539117205,6914,7,0,1,13.90791696801949,Low,Medium,Safe
4.2,16.054807799120226,7290,3,0,0,93.57062278056452,Low,Medium,Risk
6.7,82.6577223066632,7836,9,0,1,96.71293216076445,Low,Medium,Risk
7.0,41.159212880275106,8074,5,0,1,251.66751831065577,High,High,Failure
4.1,88.4075604422816,344,9,0,0,196.61476342196244,Low,Low,Safe
6.3,87.46538556020778,5538,7,1,0,83.35354118820239,Medium,Medium,Risk
5.0,81.562913011174,4077,7,0,0,290.3542464430667,Low,Low,Risk
6.9,80.05289144917083,2962,6,0,1,97.14100788696354,Low,Medium,Risk
4.8,33.944518214313874,9959,2,0,0,299.47197372278737,Medium,High,Failure
7.1,12.687331889868958,4794,9,1,1,298.8529442579087,Low,Medium,Risk
5.7,43.28311698269034,1923,6,1,1,58.171944806275796,Low,Medium,Risk
8.2,21.484828923718325,3308,8,1,1,94.50959374033165,Medium,Low,Risk
4.6,71.02035344573386,2867,1,1,1,146.3272153469116,Medium,Medium,Failure
5.5,37.87947402108963,8686,5,1,1,199.56610067321938,Medium,High,Risk
4.5,97.68296908169192,3691,1,1,0,158.88618725213598,Medium,Medium,Failure
8.2,65.89234734780655,4508,10,1,0,290.8629992705448,Medium,Low,Risk
7.9,83.13565354526429,5357,8,0,1,217.47276010647175,Medium,Medium,Risk
5.2,17.5898439104756,8983,8,0,1,64.40140996550934,Low,Medium,Safe
7.0,86.89137581589914,2091,1,1,0,32.424167513877855,Medium,Medium,Failure
7.7,92.66193309877247,729,9,0,0,206.83198592209766,Low,Low,Risk
6.5,51.27088228779891,5788,2,0,1,48.377279614048135,High,High,Failure
6.4,62.59402908634286,5718,9,1,1,236.5153752603905,Low,Medium,Risk
5.1,77.65693108578456,9600,1,0,0,93.99996351084076,Medium,High,Failure
4.4,21.60966958973919,7747,10,0,0,98.74108565362634,Low,Low,Safe
8.0,52.74377726402703,8083,9,1,1,4.228719324464079,Medium,Medium,Safe
8.1,42.87298763836974,112,4,0,0,210.60236886141718,High,Low,Failure
6.8,18.905529255413665,7879,9,1,0,34.86765616634105,Medium,Medium,Safe
5.5,39.91577011769549,7402,7,1,1,232.09129266159192,Low,Medium,Risk
5.6,11.476369391621889,6965,6,0,1,148.06847875324482,Medium,Medium,Risk
7.3,7.452131160201263,8376,5,0,1,235.49966467141616,High,High,Failure
8.0,17.840797469708164,3694,9,0,0,175.59403522012465,Medium,Low,Risk
8.0,96.49593560097152,5020,2,1,1,25.647548333678237,High,High,Failure
7.5,57.20530591002661,8053,2,1,0,229.93004867484973,High,High,Failure
6.9,96.75310530955589,3328,9,1,1,21.870045983530172,Low,Low,Safe
4.4,46.087298441362535,7346,3,0,1,144.13181445023034,Medium,High,Risk
4.7,34.62253264309966,9064,8,0,0,52.53241502934402,Low,Medium,Safe
8.0,53.08347696982319,3124,9,1,0,225.9482182153876,Low,Low,Risk
6.7,46.75361042012646,8362,8,0,1,273.56577711403185,Medium,High,Risk
4.0,15.038145004865672,7602,4,0,1,166.683722844124,Low,High,Risk
4.5,65.87849989556959,1687,1,1,0,158.61704099545497,Low,Medium,Failure
7.0,25.523627338411963,5153,4,1,1,229.42499570135976,High,Medium,Failure
4.0,63.86085571529381,9166,9,0,0,2.5185650797424355,Low,Medium,Safe
4.7,66.76910377782457,694,2,1,0,275.40983414791305,Low,Low,Failure
6.5,19.44236104722157,2082,3,0,1,60.03719631024838,Medium,Medium,Risk
7.1,10.828214575513474,2811,10,1,0,295.2515462640449,Low,Low,Risk
6.9,79.17235067650178,2118,8,1,0,221.13993044017818,Low,Low,Risk
5.0,48.68104025808542,291,6,1,0,232.50109316250064,Low,Low,Risk
7.2,10.5255605730202,2718,8,0,1,197.20469113170836,Medium,Low,Risk
5.1,99.51230013112787,852,7,0,0,142.02729165276293,Low,Low,Risk
5.5,10.48915329465483,5109,5,1,1,171.91668031498847,Medium,Medium,Risk
7.4,71.02834674156256,245,9,1,1,14.874462918522571,Low,Low,Safe
6.9,98.4494979000243,2237,4,1,1,187.56389332017227,Medium,Medium,Failure
7.8,27.722109900512933,2380,6,0,0,188.20333249412698,Medium,Low,Risk
7.0,18.513690025283637,4891,2,1,0,267.46903842314106,High,Medium,Failure
6.6,16.531569245130747,3656,2,1,1,152.19125087163562,High,High,Failure
4.4,33.81113901892158,8518,2,1,1,24.066167851732242,Medium,High,Risk
5.7,14.599352046011436,110,10,1,0,92.55258022414229,Low,Low,Safe
5.2,70.75532746094252,3977,7,0,1,197.03319422218092,Low,Medium,Risk
5.1,10.917720822355957,6346,2,0,1,72.5383999626877,Medium,High,Risk
8.4,53.395102174230026,2641,2,1,0,84.87781873476487,High,Low,Failure
5.8,99.68620111603279,8808,9,0,1,246.32023589189518,Low,Medium,Safe
8.0,82.32717560307178,9813,7,0,0,175.71159979704998,High,Medium,Risk
6.8,63.44584663194603,6171,3,0,0,153.0497021002982,Medium,Medium,Failure
7.6,34.09409397472811,1250,3,1,1,96.2171380749355,High,Medium,Failure
6.3,64.27010444770565,2904,7,0,0,219.54748274397699,Low,Low,Risk
6.6,55.068939071606906,7074,5,0,0,87.02781191251877,Medium,Medium,Risk
6.2,45.47792146958529,9478,10,0,0,221.38199177560838,Low,Medium,Safe
4.9,17.41748579031895,7022,6,1,1,21.96034259996516,Low,Medium,Risk
7.3,89.22740044784435,186,8,1,1,259.497861133043,Low,Low,Risk
5.3,47.72954163802564,1079,9,0,1,150.3703725494039,Low,Low,Safe
4.1,23.489138622972682,2644,1,0,0,132.11389699299204,Low,Medium,Failure
6.9,39.93713833334251,7256,3,1,0,183.69600005103544,High,Medium,Failure
4.8,44.34232649024807,711,7,1,1,187.63342979598485,Low,Low,Risk
8.2,83.61610007885305,2522,6,0,1,40.47851789010867,Medium,Medium,Risk
8.3,74.6933661533332,136,7,0,0,227.11384335504775,Low,Low,Risk
8.1,78.08396489592728,6269,8,1,1,83.50256108706881,Medium,Medium,Risk
5.7,6.0479701207214855,8193,6,1,1,271.5836021708043,Medium,High,Risk
4.1,44.534629827077346,7018,3,0,1,245.5373483610349,Low,High,Risk
8.2,50.72769440535574,2823,2,1,1,104.5335464188898,High,Medium,Failure
5.9,6.823266298190385,1750,7,0,1,242.51404866701364,Low,Low,Risk
8.3,29.682254830778252,2750,1,0,0,107.56075929067136,High,Medium,Failure
8.3,77.22753319660282,6865,3,0,1,31.183356809176146,High,High,Failure
7.8,18.02542204425491,1697,4,1,1,288.60458337898666,High,Medium,Failure
5.3,55.85446248799621,6088,1,0,0,196.12800254941658,Medium,Medium,Failure
5.7,25.44417784163756,5214,5,0,0,137.3737584721149,Medium,Medium,Risk
7.8,6.151473591169861,5570,10,1,0,119.93423210778086,Low,Low,Safe
5.4,27.91413847195644,3737,3,1,0,98.08689494322093,Medium,Medium,Risk
4.8,97.70800671645512,646,2,0,1,294.4528310333097,Low,Medium,Failure
6.5,81.14602562888402,4595,3,0,1,41.28943227414131,Medium,Medium,Risk
8.2,96.15978121049817,8726,8,1,1,95.12671261724992,High,Medium,Risk
7.1,51.34613417300443,8887,6,1,1,146.16379444451638,Medium,Medium,Risk
6.6,15.424938874362834,4807,7,1,0,143.9218639712391,Medium,Low,Risk
4.4,57.05615145250083,4434,6,0,0,141.9385788379452,Low,Medium,Risk
6.8,48.16584678319629,8962,6,0,1,53.55936093328417,Medium,High,Risk
8.5,85.21392286026352,4783,3,0,1,44.33482560574067,High,Medium,Failure
4.6,14.317845174503235,7131,8,1,1,77.1755083122574,Low,Medium,Safe
6.3,51.38290801706893,8740,7,0,1,274.44331998681474,Medium,High,Risk
7.9,19.254623145928505,7167,7,1,0,34.80283738251853,High,Medium,Risk
7.3,35.844213054555695,4779,6,0,1,227.4701059086241,Medium,Medium,Risk
7.1,75.04892235184097,1723,5,1,0,227.50696954687803,Medium,Low,Risk
7.2,50.22172229003282,8356,10,0,0,243.12135076528142,Medium,Medium,Risk
5.6,40.70938708884809,9978,8,0,0,266.0980312078173,Low,Medium,Risk
5.3,42.47524646415336,7228,5,1,0,79.64781708414016,Low,Medium,Risk
7.6,48.64744299856873,2344,9,1,1,68.14328131140002,Low,Low,Risk
7.6,79.5765716645204,3680,9,0,1,140.18619429171645,Medium,Low,Risk
7.9,89.74804544932226,196,1,1,1,80.2616614568588,High,Medium,Failure
8.1,95.75679521787319,3503,6,1,1,220.55868670594916,Medium,Medium,Failure
6.3,79.75582169425303,4557,7,0,0,191.14593344568866,Low,Low,Risk
6.3,34.96365509606121,5833,3,1,0,262.6213187277428,High,Medium,Failure
7.6,70.37279707822151,7801,7,0,0,25.738752742634396,Medium,Medium,Risk
6.9,46.57229678526223,5678,7,0,1,274.6099166740644,Medium,Medium,Risk
7.2,29.19370909437486,8378,2,1,0,88.71123937435678,High,Medium,Failure
7.6,84.88280004546264,3410,7,1,0,147.71760943216822,Low,Low,Risk
8.0,8.650503151420875,3055,1,0,0,132.14481934595347,High,Medium,Failure
5.5,90.66738925286523,3602,5,0,0,228.33318368022273,Low,Low,Risk
5.7,48.840359139349744,68,9,0,1,126.67965952012092,Low,Low,Safe
4.4,65.53414029678663,2292,7,0,0,283.1223905491734,Low,Low,Risk
6.6,67.63862260954936,6368,7,0,0,270.8576309089341,Medium,Medium,Risk
4.2,90.03618536712095,5147,2,0,1,261.77618443888247,Low,High,Failure
6.1,65.4836198058847,8690,8,1,1,22.30624146182014,Low,Medium,Safe
6.4,63.32369055220587,1998,3,1,1,256.4231604046279,Medium,Medium,Failure
5.3,11.331943853265546,9187,8,1,0,234.70899818751994,Low,Medium,Risk
6.7,54.248762084794386,5668,3,0,0,31.95037115483317,High,Medium,Failure
4.1,19.266055077618958,4286,10,1,0,33.11688330543034,Low,Low,Safe
4.2,75.05620802854114,6951,7,0,0,31.24797964374481,Low,Low,Safe
7.7,53.661082477204076,1970,2,0,1,4.388445368141774,High,Medium,Failure
5.6,69.62163902479357,4238,4,1,0,165.0416572531805,Low,Low,Risk
4.6,8.958925557226506,288,6,0,0,292.04489313937694,Low,Low,Risk
6.4,13.055241524351306,254,9,0,1,132.16672616703826,Low,Low,Safe
7.5,73.05072186595481,5602,5,0,1,162.68649306431956,Medium,Medium,Risk
5.0,11.848011919873969,4977,9,0,1,290.4229692342167,Low,Medium,Risk
6.8,11.769389137699566,4440,5,0,0,77.29948640349498,Medium,Low,Risk
4.4,6.150305147314308,2737,10,0,0,257.6826055268806,Low,Low,Safe
4.2,95.8676328384506,5001,8,1,0,164.3707496963091,Low,Low,Safe
6.4,75.06329414860566,6210,1,0,0,171.2734778842402,Medium,High,Failure
6.4,38.5588838076961,5438,7,0,0,103.60898330497778,Medium,Low,Risk
6.9,33.17088022232724,9590,4,0,1,168.91372392910552,High,High,Risk
7.3,38.22180682585571,5176,5,0,1,22.869610334006897,Medium,Medium,Risk
8.4,78.59208546221228,866,6,1,0,229.62842821161954,Medium,Low,Failure
6.3,67.83020805168937,9062,5,1,0,86.12164070173723,Medium,Medium,Risk
5.5,22.593578947409455,242,1,0,0,266.39489051869253,Medium,Medium,Failure
7.6,21.540386856738014,1826,9,0,0,110.98735768763008,Low,Low,Risk
5.2,14.347586722772744,3695,2,0,0,43.704409035577896,Medium,Medium,Failure
6.0,67.72875837162712,6364,9,1,1,209.06859073617701,Low,Medium,Safe
4.4,77.61540291106492,8492,10,1,1,50.20886526933735,Low,Medium,Safe
4.1,30.179410690875383,1838,2,1,1,226.35047414735413,Low,Medium,Risk
8.3,6.989771297936717,7424,9,1,0,290.46555868542885,Medium,Low,Risk
7.8,12.806308410260598,3750,6,0,0,234.08630776978328,Medium,Low,Risk
7.1,96.9467033102779,9409,9,1,1,7.712325280966078,Medium,Medium,Safe
5.8,33.067253860354924,3943,6,1,1,180.36585062777965,Low,Medium,Risk
4.8,78.0761990446227,6861,6,0,0,208.92779061994756,Low,Low,Risk
4.7,64.34303904115507,9338,2,0,1,247.81203941308928,Medium,High,Failure
5.1,41.28426576702511,2729,8,1,1,17.744690372761045,Low,Low,Safe
6.5,24.540289908577737,3954,3,1,0,144.55224055773363,Medium,Medium,Failure
7.2,16.53170972514361,7310,7,1,1,161.0758909188799,High,High,Risk
7.0,63.42623196369233,554,5,1,1,51.56833393060923,Medium,Medium,Risk
5.3,78.59020916058986,9863,3,0,1,97.41249310348424,Medium,High,Risk
8.3,66.1709040864074,9629,1,0,0,132.6262961505934,High,High,Failure
7.3,55.378702658670036,6823,8,1,1,250.12969669938263,Medium,Medium,Risk
6.5,8.985366226005445,3866,3,1,1,278.8928622549919,High,Medium,Failure
6.8,97.00643387146646,767,2,1,1,188.89842584638419,Medium,Medium,Failure
5.9,80.87784820718458,4484,1,1,0,119.08861062041717,Medium,Medium,Failure
5.1,32.81809348659165,708,4,1,0,76.9552743218968,Low,Low,Risk
5.6,98.09718128909081,5107,8,0,1,294.65842014640896,Low,Medium,Risk
7.4,62.1787510154506,4058,3,0,0,294.92297942483117,Medium,Medium,Failure
4.1,60.33015252968841,5044,1,0,1,277.5681075222754,Medium,High,Failure
4.5,76.06695204580555,4284,4,1,0,235.91507581346795,Low,Medium,Risk
4.2,82.11812986856307,3814,9,1,0,98.40808357993986,Low,Low,Safe
4.2,67.36546769649274,4687,1,0,1,245.28314456579156,Medium,High,Failure
7.8,17.169095904789003,2154,2,0,1,123.2291121640806,High,Medium,Failure
7.2,37.135413069477345,9497,9,1,1,98.70515634835851,Medium,Medium,Risk
6.1,93.16794583097473,6851,2,0,0,223.7147421814176,Medium,Medium,Failure
4.4,26.338483125165933,8625,3,1,1,24.816524358506445,High,High,Risk
6.2,40.35586726456376,2657,7,1,0,15.520254265402846,Low,Low,Risk
6.1,46.04730387969862,8435,3,0,0,134.9381554571745,High,Medium,Failure
4.8,46.74347402097296,3769,9,0,1,134.2460014458264,Low,Low,Safe
6.0,63.22926033697993,2631,6,0,0,268.79760176608664,Low,Low,Risk
5.8,94.59220458574723,2615,3,1,1,38.71977579005722,Low,Medium,Failure
6.8,27.86580762408797,2813,9,1,0,37.861894308271424,Low,Low,Safe
6.9,16.542630748587214,6378,1,0,1,45.08832754199545,High,High,Failure
4.2,23.759696536694044,6041,10,1,0,9.89114212708618,Low,Low,Safe
5.7,89.2578655198806,3456,3,1,0,22.447789606657604,Medium,Medium,Risk
6.8,66.35202720224457,8973,1,1,1,198.30109018188267,High,High,Failure
6.3,32.16114497772021,4830,2,0,0,130.04371440613525,High,Medium,Failure
7.9,82.51495920201864,4227,8,1,1,229.31731705931608,Medium,Medium,Risk
7.0,86.83014965452642,6526,7,0,0,297.78671785591644,Medium,Medium,Risk
4.7,85.41886217557641,2654,2,0,0,198.0513696486014,Low,Medium,Failure
4.3,92.29802069575767,8231,2,1,0,16.086215615416997,Medium,High,Risk
6.9,28.96289691646935,2432,9,0,1,32.26429656154811,Low,Low,Safe
4.1,76.72898323089643,581,6,1,1,264.42022135959763,Low,Low,Risk
6.6,48.751252241043304,6129,5,0,1,158.7212874229202,Medium,Medium,Risk
8.2,84.98986252455585,684,10,0,1,247.62631065932626,Low,Low,Risk
6.6,74.20661433035325,52,6,1,1,257.12708853125287,Low,Low,Risk
5.7,78.76250741747384,8447,9,0,0,278.37468790835624,Low,Medium,Safe
6.9,67.33537457970179,6001,7,0,0,284.99893244042335,Medium,Medium,Risk
6.1,21.855733099622153,5676,10,0,1,166.89291315448855,Low,Medium,Safe
6.5,56.77755729520914,7789,10,1,0,102.96503150455413,Low,Medium,Safe
8.2,98.54362525482829,6053,9,1,0,288.59759743005156,Medium,Low,Risk
5.7,94.0518663172263,2940,4,0,0,164.67451539436635,Low,Low,Risk
8.3,9.101504900716108,6289,2,0,0,20.2115641634287,High,Medium,Failure
8.1,20.65740749429653,8076,8,0,1,193.19018846789965,Medium,Medium,Risk
4.9,17.51423347818338,3356,4,1,0,176.71774036810822,Low,Low,Risk
4.3,73.96809144860308,947,9,1,1,268.8420689955171,Low,Low,Safe
4.5,82.68960633640978,9327,4,0,1,196.30296955818594,Low,High,Risk
4.1,25.28357979951383,9521,8,1,0,105.36667491400387,Low,Medium,Safe
4.4,53.05600583042376,720,9,1,1,289.9014919860403,Low,Low,Safe
7.1,84.866787661064,7341,9,1,0,240.68422630862804,Medium,Medium,Risk
4.3,74.61614675279381,1555,10,1,0,189.49486789602494,Low,Low,Safe
5.4,56.512534521725584,6510,4,0,0,88.58463581753375,Medium,Medium,Risk
7.8,61.08303059358342,5217,1,1,1,112.68854859797436,High,High,Failure
4.1,53.2942519570466,5305,3,1,1,201.32100730490035,Low,High,Risk
7.7,33.267102875287954,299,9,0,1,22.522264720533194,Low,Low,Risk
5.3,58.67708932160653,6507,4,0,0,77.74749690342878,Medium,Medium,Risk
4.5,70.44410369475861,1942,5,1,0,214.4563790855828,Low,Low,Risk
7.1,87.96567700677673,3489,7,1,0,144.52553444354166,Low,Low,Risk
6.8,65.44767862802857,2904,5,0,1,121.3156758795146,Medium,Medium,Risk
7.9,77.30654601910001,9745,4,0,0,46.28582909772393,High,Medium,Failure
7.3,20.206805320684435,3842,2,0,0,133.11286130884204,High,Medium,Failure
7.6,48.84796006988004,5380,2,1,1,231.43689925730993,High,High,Failure
5.3,5.886503883573863,7921,4,1,1,79.93984097549601,Medium,High,Risk
4.8,28.434492129554187,8285,10,0,1,2.6141641129195463,Low,Medium,Safe
7.4,74.01386293573546,3662,10,1,0,200.88296544414388,Low,Low,Safe
7.6,99.22194537818953,2668,9,0,0,291.81535472533324,Low,Low,Risk
8.5,14.421919460785512,4728,8,1,0,182.4411425129863,Medium,Low,Risk
5.9,43.14196000682239,3213,3,0,1,36.85663581921191,Medium,Medium,Risk
5.7,81.00674202642016,9530,9,0,1,96.89919461105724,Low,Medium,Safe
7.5,24.38338528974539,2992,5,1,1,260.4248428013468,Medium,Low,Failure
5.5,57.733070183717196,8461,3,1,1,70.53785420279175,Medium,High,Risk
8.2,74.6417731228191,1975,5,1,0,182.7010751457848,High,Low,Failure
7.9,63.51861777471701,3022,10,1,0,121.39869126794535,Low,Low,Risk
5.9,22.86234978846453,1040,4,1,0,63.145272704475055,Medium,Low,Risk
7.4,38.761534025145245,1862,8,1,0,244.2086611758392,Low,Low,Risk
7.4,79.46021952611274,9045,5,0,0,223.1065516632414,High,Medium,Failure
4.5,57.65151884254158,539,10,1,0,198.81572872182036,Low,Low,Safe
8.1,5.49681328657671,5926,8,0,0,71.6646404903566,Medium,Medium,Risk
6.3,77.29412220266892,9735,9,0,0,30.25924381221856,Low,Medium,Safe
7.7,8.354578719322712,3695,4,1,1,173.2716396179639,High,Medium,Failure
5.4,75.84470935946706,7131,7,0,1,166.54967222829058,Low,Medium,Risk
8.0,24.235653215697553,2941,2,0,0,57.32711779112703,High,Medium,Failure
5.8,96.01698061134113,9947,6,1,1,17.817761600236572,Medium,High,Risk
4.0,39.954371373698024,3566,8,1,0,25.13182780400181,Low,Low,Safe
8.1,36.058503552117514,3390,7,1,0,297.8385249673074,Medium,Low,Risk
4.4,19.144364781582244,6460,7,0,1,235.29158452812223,Low,Medium,Risk
5.4,34.03240047157041,103,8,1,0,276.6742553135866,Low,Low,Risk
8.3,88.28182237367905,2625,7,1,0,59.32136194867264,Medium,Low,Risk
8.3,99.65176207458849,665,5,1,0,288.2099923607071,Medium,Low,Failure
6.6,39.989405398150595,5994,7,1,0,43.65365109047546,Medium,Medium,Risk
6.8,47.618009940681546,7454,10,0,0,153.21546674137485,Low,Low,Safe
6.0,73.59673912926002,1004,3,1,0,249.07900964070214,Medium,Low,Failure
5.3,89.18859914418208,1679,5,0,0,105.59120299896225,Low,Low,Risk
5.5,61.33921174774449,6909,7,1,1,128.02373141989324,Low,Medium,Risk
7.0,42.19494132689379,8891,9,0,1,39.32734797943026,Medium,High,Safe
7.4,44.19907488061926,3328,2,0,0,37.75364211969285,High,Medium,Failure
7.6,71.08372391719665,5505,4,0,1,186.25089920881922,Medium,Medium,Failure
7.6,5.305735042406475,3851,7,1,0,202.98417821739696,Medium,Low,Risk
4.4,63.86098705868486,2611,1,0,0,233.4224217105758,Medium,Medium,Failure
6.2,38.77183599192895,6589,2,1,0,167.44793375184432,High,Medium,Failure
4.3,80.448746471323,420,9,1,0,194.08202838613047,Low,Low,Safe
6.5,13.834110783197556,907,10,1,1,5.041664238216297,Low,Low,Safe
6.0,60.8792153600971,4936,7,1,1,49.489047414019225,Low,Medium,Risk
8.0,50.69242453918176,7535,10,1,1,295.4895150390545,Medium,Medium,Risk
5.6,66.02092496099661,433,7,0,1,23.722058388433705,Low,Low,Safe
4.5,11.161091475881992,4384,6,1,0,203.95767845581324,Low,Medium,Risk
4.6,60.09845980567247,4340,3,0,1,53.64870727648315,Low,Medium,Risk
7.4,58.341035856154754,2775,10,0,0,215.29885714452493,Low,Low,Risk
6.8,58.26270896953624,6254,3,0,0,212.09113048563603,High,Medium,Failure
4.5,62.331328326663204,6161,2,0,1,71.02551887663897,Low,High,Risk
4.4,69.26445403650442,4301,6,0,0,81.62068536654205,Low,Low,Safe
7.2,81.47395496967313,972,4,0,1,196.7764433670244,Medium,Medium,Failure
4.3,30.63296841218036,2965,5,0,1,117.63572559528387,Low,Medium,Risk
7.7,83.3796939671059,8007,3,1,1,59.169842940273476,High,High,Failure
7.2,52.33428981502809,3096,6,0,1,219.77220003745705,Medium,Low,Risk
4.4,12.320536517761461,9216,3,1,1,47.090109776563914,Medium,High,Risk
4.4,10.562338278178025,1280,8,0,0,256.837455579339,Low,Low,Safe
8.4,36.752640276125774,7697,9,0,1,154.88618769149645,High,Medium,Risk
5.7,79.56521282558941,4983,4,0,1,32.60448055991091,Low,High,Risk
5.7,72.229688800387,9605,9,0,0,208.52762772576435,Low,Medium,Safe
7.7,79.91842164387862,3990,7,1,1,156.2297488327876,Medium,Medium,Risk
8.3,54.14056036195289,6533,3,1,1,90.11921396664805,High,High,Failure
8.4,46.8189048057716,253,7,1,0,127.3392746869326,Medium,Low,Risk
7.4,19.007990037096974,210,1,0,0,90.20298533266212,High,Low,Failure
5.7,36.1783115928846,9010,3,0,1,79.64472488709242,High,High,Risk
4.4,46.23183978651815,3798,6,0,0,49.91891783226995,Low,Low,Safe
7.5,13.417040819563637,6768,4,1,1,109.4673728081053,High,Medium,Failure
6.5,25.958135507565068,2631,7,0,0,76.04517468850516,Medium,Low,Risk
5.9,61.831402936055184,1143,3,1,1,205.3469116291212,Low,Medium,Risk
8.1,74.88799585272304,4550,1,1,1,205.4791456078286,High,High,Failure
4.5,99.84301358233022,8849,9,0,1,151.05023252413588,Low,Medium,Safe
6.2,93.64576647763798,5760,6,0,0,233.605413713626,Medium,Medium,Risk
4.1,66.0436939558432,9782,8,1,1,252.56057598280842,Low,Medium,Safe
6.1,45.01856506293684,2925,3,1,0,174.35017077284766,Medium,Medium,Failure
4.3,65.43684964728212,3241,8,1,1,186.06161366626668,Low,Low,Safe
4.5,79.63690371762203,1887,2,0,1,85.58288702612319,Low,Medium,Risk
4.5,16.241938137721796,739,4,0,1,268.5658910109504,Low,Low,Risk
6.9,43.940964521147386,3809,3,0,1,8.237607282336418,Medium,Medium,Failure
7.4,84.78121713538363,2153,10,0,1,105.23213836341085,Low,Low,Safe
6.6,41.464130433639184,415,1,0,0,216.81832604340696,Medium,Low,Failure
8.3,59.32786576658272,8142,7,0,0,24.946763391677212,High,Medium,Risk
5.7,60.83808928190883,4222,10,1,0,55.76768870105949,Low,Low,Safe
5.3,22.52524404769574,6083,2,1,1,177.1964326309925,Medium,High,Failure
7.9,39.4123669569674,2428,4,1,1,168.4381077676038,High,Medium,Failure
5.0,36.77857243048355,1255,9,0,0,221.93956054315555,Low,Low,Safe
8.3,7.4886873105461556,5038,6,1,1,243.97117908736337,High,Medium,Risk
4.1,7.298217569678748,5719,8,0,1,39.44529397498907,Low,Medium,Safe
8.4,84.01121914919848,2785,2,0,1,6.495915942797374,High,Medium,Failure
4.2,30.94172694741718,9917,7,1,0,207.20191737801292,Low,Medium,Safe
8.0,54.21748279268747,8540,6,0,0,91.11614693414141,High,Medium,Risk
6.4,33.378929490933444,1006,9,1,0,188.16919026146812,Low,Low,Risk
8.5,94.36452828595735,9356,7,1,0,46.01283183060519,High,Medium,Risk
4.3,29.633192092248507,6673,1,0,0,141.2429739531229,Medium,Medium,Failure
6.5,45.817397210198834,1524,8,1,1,151.82299907296763,Low,Low,Risk
8.4,87.90937379603717,4510,10,1,1,175.9382670955916,Medium,Low,Risk
6.4,84.98368884522182,7052,3,1,1,154.43783488283876,Medium,High,Failure
6.8,22.679634695396345,6446,2,1,1,149.21154029838544,High,High,Failure
7.1,81.2511144305925,2878,3,0,0,100.4875120411728,Medium,Low,Failure
6.0,48.5277542400998,2900,6,1,0,22.28289065910778,Low,Low,Risk
6.8,50.882042848108746,3014,3,1,1,27.76653884225585,Medium,Medium,Risk
6.6,17.68059737951466,4644,10,1,0,130.69970404773895,Low,Low,Safe
8.1,12.657143806926843,9191,5,0,1,107.38214521847692,High,High,Risk
4.2,74.15423416250769,6694,6,1,1,155.32430659767485,Low,Medium,Risk
5.3,52.163809473753474,2900,8,0,1,92.14661260762382,Low,Low,Safe
8.3,46.500816748442055,215,7,1,1,206.68511734514198,Medium,Low,Risk
8.0,74.30328172197768,969,8,1,0,259.3224917808437,Low,Low,Risk
6.1,77.72372540415543,8355,3,1,1,90.36009344727344,Medium,High,Failure
6.8,20.09627592858859,3554,4,0,0,58.70221837376955,Medium,Medium,Risk
5.2,62.971389200375924,1041,6,0,1,35.737991701972646,Low,Low,Risk
4.8,17.858637816380124,6097,7,0,1,185.2599581306729,Low,Medium,Risk
6.1,76.38063317275935,3889,9,0,1,133.71294135103025,Low,Medium,Safe
5.6,67.41073984537826,1308,1,0,1,57.216699441690395,Medium,Medium,Failure
6.6,95.8783890029285,7659,8,0,0,196.28788325426476,Low,Medium,Risk
4.3,11.551011553860011,8756,8,1,1,45.39647171858004,Low,Medium,Safe
8.4,10.420198509369161,4854,6,0,0,166.73591104853782,Medium,Medium,Risk
8.4,31.807772095854013,117,4,1,1,158.61736610595415,Medium,Low,Failure
7.1,29.86203995491107,9838,3,0,1,220.5341125546389,High,High,Failure
6.4,28.462985911839983,5710,3,0,1,17.47778234225936,High,Medium,Risk
5.4,91.09418514949849,4528,6,0,0,266.4740066235478,Low,Medium,Risk
7.7,28.70688898570308,8260,8,1,1,211.19452611789902,Medium,High,Risk
7.1,30.835223982219944,3571,7,0,1,65.6216735062799,Medium,Medium,Risk
4.7,77.14283492970655,622,1,0,1,55.838199234312164,Low,Medium,Risk
8.1,47.7252850328013,7132,6,1,1,130.06640402899123,High,Medium,Risk
7.7,78.78750291074222,7882,7,1,1,245.45203353383448,Medium,Medium,Risk
8.3,11.209784968616598,5445,7,1,0,253.04204794859302,High,Low,Risk
7.3,51.31926339897151,2308,9,1,0,156.61637154967553,Low,Low,Risk
6.8,8.19329201741185,6089,10,0,1,258.3824479433345,Low,Medium,Safe
5.9,10.95205432825868,700,5,1,1,2.6276690483154805,Low,Low,Risk
8.2,91.11155806771905,5791,1,0,0,11.517214827947386,High,Medium,Failure
7.9,18.22831025617154,6888,2,0,1,273.63465649738606,High,High,Failure
4.2,55.579964816145626,2637,4,1,0,232.8242470358889,Low,Medium,Risk
4.1,44.05408224706712,7926,5,0,1,135.7611114168653,Low,High,Risk
5.7,37.997615994590056,3312,9,1,1,226.32942931191818,Low,Low,Safe
7.6,90.48416784029088,1388,1,0,0,286.7361990553031,High,Medium,Failure
8.4,7.073222693671503,5046,3,1,1,231.85476764050424,High,Medium,Failure
4.7,68.06002018668096,5830,5,1,0,252.86902881167828,Low,Medium,Risk
6.7,96.5224712502873,2877,3,1,0,228.42136783562847,Medium,Medium,Failure
5.7,58.215977428874986,5282,4,1,0,51.29511663762894,Low,Medium,Risk
8.4,93.99813389314373,2267,3,1,1,250.23865878407528,High,Medium,Failure
7.8,9.964498532172257,3589,4,1,0,59.3375371872388,High,Low,Failure
7.8,44.785365312045336,7895,1,0,0,267.8907870852,High,High,Failure
6.1,29.71499014139486,9279,8,0,1,138.1363195262417,Medium,Medium,Risk
5.9,74.42799167316933,4433,4,0,1,203.4160489409975,Low,Medium,Risk
5.2,98.22322359723843,3011,7,1,1,149.6750135163124,Low,Medium,Risk
4.3,29.37035593220354,3276,2,0,1,29.10328789556401,Low,High,Risk
7.9,67.14658714003707,6887,2,1,1,87.92596997857886,High,High,Failure
7.7,23.819275112175312,7081,6,0,1,295.1358243451048,High,Medium,Risk
8.5,58.70637418430294,9340,2,0,0,288.2537107492754,High,High,Failure
8.5,49.073586235391936,9181,6,1,1,96.82558239900864,High,High,Risk
6.5,97.34050631499602,3766,2,0,0,298.8927444693225,High,Medium,Failure
7.5,62.810090906164326,3464,4,0,1,253.819807453573,High,Medium,Failure
8.3,38.20310534824778,1498,7,0,0,183.67689033024416,Medium,Low,Risk
7.8,15.83909956435367,620,8,1,0,12.997261458041837,Medium,Low,Risk
5.1,19.36844872981878,2954,3,0,1,270.5326020319755,Medium,Medium,Failure
6.0,26.405108345367335,2555,9,1,1,167.6713545000316,Low,Low,Safe
4.6,28.84183282732831,967,2,0,0,260.6743692096281,Low,Medium,Failure
8.3,85.8085254949081,7032,8,0,1,250.49430685181696,Medium,Medium,Risk
6.7,58.316164886839864,7477,8,0,1,250.06885834512474,Medium,Medium,Risk
5.0,54.722136580564815,6386,4,0,0,209.7539843537566,Low,Medium,Risk
7.0,15.90304282757566,1728,1,1,0,88.13312646413854,High,Low,Failure
6.8,86.71327086819632,665,1,0,0,101.51191706561144,High,Medium,Failure
5.6,73.66735880480596,9991,2,1,1,93.23229456222322,High,High,Failure
4.5,11.428494380500151,7136,9,1,1,6.993753860236844,Low,Medium,Safe
7.0,72.24433423682802,4799,2,0,1,175.18810385522855,High,Medium,Failure
6.3,56.636130647551376,3555,2,0,1,209.95126746336382,Medium,Medium,Failure
7.5,12.763907845943933,4579,6,1,0,256.30593206403586,Medium,Low,Risk
6.3,48.538560945222365,1185,7,1,1,42.909464581436374,Low,Low,Risk
7.8,51.046147277354464,8616,7,0,0,163.71076154406373,Medium,Medium,Risk
6.5,20.748581315511196,7276,9,0,1,3.394434061461075,Low,Medium,Safe
6.5,94.84132396502682,5212,6,0,1,29.433000665508114,Medium,Medium,Risk
7.9,85.74766029066288,256,8,0,0,17.209311517591924,Low,Low,Risk
5.8,68.55712204626529,4925,6,0,1,217.9179321706306,Low,Medium,Risk
4.6,48.91807829505768,1369,2,1,1,25.236809599403344,Low,Medium,Risk
4.1,44.11772645052831,1191,1,0,0,215.2194414860782,Low,Medium,Failure
7.4,66.84247937934065,4677,5,0,1,75.63778661876442,Medium,Medium,Risk
6.8,56.81602759365602,7439,9,1,0,263.4361752483849,Medium,Medium,Risk
7.2,10.915945058779133,2740,8,0,0,244.1318465207804,Medium,Low,Risk
5.0,53.68775163318151,7373,4,0,0,287.3912350251077,Low,Medium,Risk
4.6,81.60834363711975,3305,5,1,0,265.24484262195153,Low,Low,Risk
4.1,48.62778837171101,8331,5,0,1,280.0654963157878,Low,High,Risk
5.6,9.9358748676555,5263,6,1,1,257.763976557479,Low,Medium,Risk
6.7,79.69642894148315,4158,3,0,1,208.32118828384176,Medium,Medium,Failure
5.8,24.129559302917567,3070,5,0,0,51.90748648550535,Medium,Low,Risk
6.0,29.568979314363684,1907,2,0,1,82.24054813737379,Medium,Medium,Failure
8.1,20.647103576068112,9046,10,1,1,64.60536287295164,High,Medium,Safe
5.6,36.370431162792265,9186,1,1,1,181.47215050980347,High,High,Failure
6.3,76.89139304042033,2839,1,1,1,151.5823614541068,High,Medium,Failure
7.5,54.34165665287405,3925,10,1,0,260.2569191503687,Low,Low,Risk
5.8,24.463721044317694,7655,7,0,0,285.8491870832236,Low,Medium,Risk
6.8,88.39385742444388,9852,2,1,1,122.05310699582516,High,High,Failure
7.9,88.56027622039527,8185,4,1,0,152.39881543096288,High,Medium,Failure
8.3,87.70495037937066,6105,5,1,1,291.4833906844376,High,Medium,Failure
4.7,27.68564008124623,3932,7,0,1,83.59544354531992,Low,Medium,Safe
8.2,47.86773769719387,7225,2,0,1,237.92484183228527,High,High,Failure
6.2,98.57401733338314,7179,6,1,0,68.34673079823864,Medium,Medium,Risk
5.2,78.34118524944908,5071,1,1,1,204.7565745121563,Medium,High,Failure
6.1,7.580905016428183,4785,7,0,0,76.83107266393068,Medium,Low,Risk
8.4,11.194436169746744,2437,9,1,0,265.2362832605847,Medium,Low,Risk
6.2,49.07348079717161,6632,5,1,1,168.88190517726636,Medium,Medium,Risk
5.5,91.37591955684822,9183,5,1,0,56.59415862144099,Medium,High,Risk
6.9,56.176670805507854,5916,4,1,0,68.08638353384733,Medium,Medium,Failure
5.1,52.29218826325757,2616,3,0,1,148.66090951672197,Low,Medium,Risk
4.3,15.020001495879905,1025,9,0,0,288.5190056468888,Low,Low,Safe
4.6,67.39410994880794,7262,5,0,0,231.1230070012127,Low,Medium,Risk
4.6,83.09980025702141,9196,8,1,1,147.00458320492768,Low,High,Safe
4.7,41.139900713218424,1312,9,1,1,101.97802422410291,Low,Low,Safe
4.6,78.6831258379061,5097,5,0,0,165.23127951118434,Low,Medium,Risk
6.9,96.6252821205771,9185,10,0,1,224.75988919515729,Low,Medium,Safe
4.8,24.357813617130464,7432,9,0,1,235.3946479473872,Low,Medium,Safe
5.6,54.71631496350042,6281,2,1,0,98.05803063098645,Medium,Medium,Failure
8.0,32.27810601803468,3377,9,0,0,216.6266211959493,Medium,Low,Risk
6.1,80.32116980821473,5680,4,1,1,197.67884523081966,Medium,Medium,Risk
7.0,59.87136975870996,2309,6,1,0,287.77457530689185,Medium,Low,Risk
4.8,65.28532966727886,1307,6,0,1,279.39599686189644,Low,Low,Risk
4.9,80.80184516350994,514,6,0,1,237.02441835546955,Low,Low,Risk
4.2,42.617194902933214,3344,2,1,0,217.2950119676236,Low,Medium,Failure
4.8,91.9335564986691,6824,7,0,0,82.93843532157848,Low,Low,Safe
5.3,55.637742388383295,7481,6,0,1,253.94361157346148,Low,High,Risk
4.8,20.00570816935806,1280,1,1,1,128.82420541029649,Low,Medium,Failure
4.4,71.11041622603624,9126,2,1,1,82.39992220930736,Medium,High,Risk
4.5,80.35982829163417,3855,7,1,1,115.86406662808528,Low,Medium,Safe
6.1,35.09235932141503,6469,1,1,0,250.94471151493588,High,Medium,Failure
4.9,86.43202941488153,5800,1,1,1,45.44133145778762,Medium,High,Failure
5.6,91.08360920274781,3906,1,0,0,137.39146359482692,Medium,Medium,Failure
6.3,31.305926300891848,3185,8,1,0,148.2149207643174,Low,Low,Risk
7.1,98.43453990794609,7003,4,1,1,11.952279582047,High,High,Risk
4.2,18.36759516463205,9166,4,1,0,59.528062834901434,Medium,Medium,Risk
7.6,24.19148849823655,6084,2,0,0,248.1959861441811,High,Medium,Failure
6.8,22.50135972761248,4639,1,1,1,249.39944918983343,High,High,Failure
4.4,89.9290224507477,1596,10,1,0,88.43211008139015,Low,Low,Safe
7.9,67.15779247087139,6115,9,1,0,262.59427314477995,Medium,Low,Risk
8.1,19.44990690611592,1144,7,0,1,231.763098781436,Medium,Low,Risk
4.3,46.830724744993155,2461,4,1,1,125.95433765482741,Low,Medium,Risk
5.2,63.45331238163119,2667,6,1,1,224.7734969771063,Low,Medium,Risk
7.6,12.929088073991412,9004,2,1,1,288.4390547272471,High,High,Failure
7.4,88.82955499869718,4195,7,0,1,138.2319457015393,Medium,Medium,Risk
4.8,81.34233586694585,2825,2,0,1,72.28972650709161,Low,Medium,Risk
4.9,52.994643489780636,6678,10,0,1,282.6031335149966,Low,Medium,Safe
5.7,96.87702844962119,3205,8,0,0,181.51954228041367,Low,Low,Risk
6.2,44.68729303113447,4020,8,1,0,32.47428358164716,Low,Low,Safe
6.8,98.4904803084673,8022,1,1,1,172.23216194115014,High,High,Failure
5.7,68.45239988634458,8825,8,0,0,150.6736859450413,Low,Low,Risk
6.1,65.29377095912443,5465,2,0,0,256.82107932859344,Medium,Medium,Failure
7.4,20.765715053099576,4381,6,1,1,159.6778617392929,Medium,Medium,Risk
4.2,88.78313703894118,1992,1,1,0,77.31449786894075,Low,Medium,Failure
5.1,45.61152035245844,6076,5,0,1,203.01757509560167,Low,High,Risk
7.2,20.412173549335538,8351,7,0,0,163.23006030813846,Medium,Medium,Risk
8.0,6.1977143976971085,241,10,0,1,70.68034385179486,Low,Low,Safe
6.3,58.17678994564634,9145,1,0,0,172.51472952492944,High,High,Failure
6.4,55.10296410165425,911,2,1,0,246.63913778901616,Medium,Low,Failure
4.5,73.33859412507006,6761,7,0,0,9.54270439947912,Low,Medium,Safe
6.0,89.57451503669121,9325,6,0,1,189.6244605548884,Medium,High,Risk
6.4,12.543625541087804,699,3,1,0,105.52597353953323,Medium,Low,Failure
5.1,74.49216658233442,4184,10,1,0,88.50876228206782,Low,Low,Safe
5.2,22.80413468927031,7637,2,1,1,118.38373735797227,Medium,High,Failure
5.7,86.52682004993058,8878,10,1,1,103.26477661014651,Low,Medium,Safe
4.1,82.81103381685733,1086,4,1,0,249.83949290582405,Low,Low,Risk
5.4,56.37540672362672,4181,3,0,0,83.16454541960226,Medium,Low,Risk
5.0,72.4730658692146,2198,7,0,0,220.21275390886902,Low,Low,Risk
5.5,34.8632607524561,5507,8,0,0,29.12388624834803,Low,Low,Safe
4.5,49.76095039861739,6129,2,1,1,285.46751537284024,Low,High,Failure
8.0,83.0555052824948,2480,10,0,0,187.072674537317,Low,Low,Risk
6.7,48.63019373145532,1929,7,1,0,212.30885453632348,Low,Low,Risk
7.1,38.99083520591697,7592,8,0,1,90.11376029624084,Medium,Medium,Risk
7.6,51.95018248877849,2061,6,0,0,124.21687404372626,Low,Low,Risk
6.2,83.68367898153575,3423,6,1,0,67.9097374950219,Low,Low,Risk
4.4,36.84476450023291,7407,10,1,0,279.82828965486493,Low,Low,Safe
6.4,21.50735134789566,1339,1,0,1,146.94322968331193,Medium,Medium,Failure
6.6,72.64133193142418,1497,4,0,1,189.503986581739,Medium,Medium,Failure
7.4,83.46793020726777,3249,1,0,0,220.54733712868392,Medium,Medium,Failure
5.9,14.560560459735667,6431,4,0,0,111.96072123876215,Medium,Medium,Risk
4.6,27.788040711814748,7572,2,0,1,216.31039470720322,Medium,High,Risk
5.3,18.48733902729442,6109,5,1,0,203.1217544371457,Low,Medium,Risk
5.6,38.054434100305826,3233,10,1,0,211.99214082831,Low,Low,Safe
6.9,47.7833429960142,5512,9,1,1,147.27974016117926,Low,Medium,Risk
6.6,76.13850201151412,3266,10,1,1,115.49827730519351,Low,Low,Safe
5.6,66.85902056375903,3186,3,0,1,67.40257427448796,Medium,Medium,Risk
8.4,63.98821391045096,3368,8,0,0,247.56327948746699,Medium,Low,Risk
6.7,38.475619927917165,2832,3,1,0,182.89666391297192,Medium,Low,Failure
5.1,84.9375175430522,9232,6,0,0,133.861306633151,Medium,Medium,Risk
4.5,49.772280902825635,7707,4,1,0,283.25477610647283,Low,Medium,Risk
4.7,98.01496911143968,4970,8,0,1,15.303804939604603,Low,Medium,Safe
5.1,65.24350313809501,6374,6,0,0,255.20141161630923,Low,Medium,Risk
4.7,16.99515044862776,6377,8,0,0,299.2771952908457,Low,Low,Safe
4.8,69.23686839716623,8467,1,1,1,266.19569115397735,Medium,High,Failure
5.3,35.88488146601141,826,6,1,1,243.32053909907196,Low,Low,Risk
4.8,70.20108368517926,5258,1,1,0,112.91749202849107,Medium,Medium,Failure
8.0,11.615909075428545,737,1,1,1,70.16294049642576,High,Medium,Failure
4.4,21.613736531716143,579,8,0,1,220.72030562938073,Low,Low,Safe
6.4,86.2950395960497,5117,7,0,0,92.06803452028196,Low,Low,Risk
5.8,26.582057917233914,8130,3,0,0,53.635864964336236,High,High,Failure
8.4,84.51890689807931,5568,6,0,0,236.17124024397378,Medium,Medium,Risk
4.5,31.531228403168992,2203,9,1,0,94.45055201877994,Low,Low,Safe
5.8,66.07378145557723,9536,7,0,1,274.4180771167142,Medium,High,Risk
8.4,70.94430448343394,6144,3,0,1,252.34916080091844,High,Medium,Failure
7.9,53.70220154878003,7024,6,0,0,254.4444585232673,High,Medium,Risk
7.7,34.004514286189476,9768,4,1,0,231.69934809069204,High,Medium,Failure
5.2,25.201215755254132,4824,3,1,1,264.38354570864624,Medium,Medium,Failure
4.8,8.152988683430491,7742,9,1,0,241.91832076125792,Low,Medium,Safe
7.0,33.87490811786876,3153,10,0,0,181.15089770884387,Low,Low,Safe
8.2,67.05046510047188,2490,2,1,0,89.45099285597708,High,Medium,Failure
6.5,94.13895775260586,4185,1,0,0,266.57454877103055,Medium,Medium,Failure
6.6,87.76442581498995,7174,2,0,1,252.34048320918438,High,High,Failure
5.3,77.77615377085374,5251,7,0,0,142.39091734095297,Low,Low,Risk
7.5,79.90249760906337,894,10,1,1,12.6845271145846,Low,Low,Safe
4.8,68.17356583021956,496,1,1,0,191.92457449317212,Low,Medium,Failure
5.5,29.727251468770284,3965,6,0,0,16.12845924929794,Low,Low,Risk
5.9,91.18352791705384,3159,7,0,1,277.9577085926738,Low,Medium,Risk
6.3,68.71956963105424,1284,9,1,0,288.5277457309668,Low,Low,Safe
5.1,58.2418599431418,6637,8,1,1,57.65755362398166,Low,Medium,Safe
4.5,15.543999575280703,276,6,1,0,203.24042403841807,Low,Low,Risk
6.7,47.47027666161041,4193,3,0,0,28.58843236426607,High,Medium,Risk
5.3,48.734035764183,7235,8,0,0,219.1255616433635,Low,Low,Risk
6.6,87.13354290465365,5608,7,0,0,104.8390121796497,Low,Low,Risk
4.7,56.9315809178399,236,3,1,0,204.63398340740315,Low,Low,Risk
6.2,41.13805215218892,2585,9,1,1,112.49007625145117,Low,Low,Safe
6.4,97.79603120851264,1982,2,1,1,44.52468544013749,Medium,Medium,Failure
4.2,15.51845636599999,9090,3,0,0,122.4268841702648,Medium,Medium,Risk
5.5,45.14210068963474,2082,2,0,0,34.68938446380221,Medium,Low,Failure
4.6,8.992344141283503,1302,1,1,1,173.48809921810678,Medium,Medium,Failure
4.3,75.29089147285838,5559,4,0,1,13.244508112694453,Low,Medium,Risk
8.5,92.21727245891931,5124,5,1,0,158.66858420035805,High,Medium,Failure
5.5,31.603546307296497,1931,6,0,0,266.0242254815667,Low,Low,Risk
7.6,86.54245929591649,319,5,1,1,251.52410776568945,Medium,Low,Failure
5.1,32.76073189388029,1680,1,0,0,264.95172818832253,Medium,Medium,Failure
7.1,91.52316535617194,4455,3,0,1,276.6925918360051,High,High,Failure
7.4,76.62638084169447,6189,1,1,0,32.25383847483258,High,Medium,Failure
6.7,81.46614379993667,1624,5,1,1,39.495413659838206,Low,Medium,Risk
6.1,6.710622782043178,1745,5,1,1,167.54503508762545,Low,Medium,Risk
5.9,96.46698392203247,3308,6,1,0,268.2978278589043,Low,Low,Risk
5.6,74.03374424668071,3312,8,1,1,292.3304875006852,Low,Medium,Risk
8.2,33.951354061682665,1495,10,0,0,14.832313284659987,Low,Low,Safe
7.7,83.79249316159046,6313,1,1,0,107.37645117599739,High,High,Failure
8.3,31.744513849418347,8461,4,1,0,64.65538214333804,High,High,Failure
4.6,87.91161475878215,102,10,1,0,227.03378883044317,Low,Low,Safe
7.3,15.695137089134017,9999,1,0,1,192.41796669257255,High,High,Failure
8.2,71.85016785877559,5620,9,1,0,36.84652141366978,Low,Low,Risk
4.8,56.36635528126648,7629,7,1,0,145.57309814212647,Low,Medium,Safe
4.3,14.170774668566878,1716,7,1,0,205.94671618901612,Low,Low,Safe
7.3,27.979913684589704,6951,5,0,0,233.92261278328726,Medium,Medium,Failure
6.6,6.178383446344905,2835,7,0,1,6.995760225418549,Medium,Low,Risk
7.8,49.53295671912805,769,2,1,0,267.25040262118307,High,Low,Failure
4.6,33.62019977220004,8647,4,0,1,171.2151335022068,Medium,High,Risk
7.6,61.84396100828709,6905,7,1,1,243.7608253730115,High,Medium,Risk
4.9,33.237591732318634,2344,3,0,1,242.57347097427075,Low,Medium,Failure
4.7,33.492315593163546,8313,2,1,0,57.76594542101977,Medium,High,Risk
4.7,75.60335387950232,9471,10,0,0,33.9414639558363,Low,Medium,Safe
7.7,9.573569417943578,9809,2,1,0,216.66489342317416,High,High,Failure
7.0,90.77502454323879,4532,1,1,0,47.7716487276641,High,Medium,Failure
6.4,85.96506806716224,748,5,0,1,255.1313099300124,Low,Medium,Risk
5.6,68.44144490650862,7293,6,1,1,218.13065567476943,Low,Medium,Risk
7.9,61.35604916020151,9068,6,1,0,252.7057839452135,High,Medium,Failure
5.8,89.76873732326696,5968,9,1,0,90.40479120319448,Low,Medium,Safe
7.7,22.60636705522787,398,4,1,0,95.66282006276015,High,Low,Failure
6.0,12.502070408128718,5424,1,0,0,201.69524534754896,High,Medium,Failure
5.7,27.753466141406122,7919,6,1,0,10.402340562625314,Medium,Medium,Risk
6.1,80.48493647651807,357,5,0,0,218.22252715488938,Low,Low,Risk
5.4,8.293675339015916,3466,10,0,0,250.89913818552577,Low,Low,Safe
7.4,60.366649332931516,4870,6,0,1,125.1339123946271,Medium,Medium,Risk
6.3,99.56656403817445,3608,3,0,1,229.69877019645213,Medium,Medium,Failure
5.0,86.29112891456624,4528,2,1,1,53.20866417769632,Medium,High,Risk
8.0,54.537340459141,6581,6,1,1,97.35585775202593,Medium,High,Risk
5.7,11.045886382231023,4670,1,0,0,292.3171839700328,Medium,Medium,Failure
6.4,83.98048386664243,3035,7,1,0,295.91212389447776,Low,Low,Risk
8.1,61.902958276835,8162,7,0,0,154.2689108534548,High,Medium,Risk
6.8,15.918634720658849,8517,10,1,0,280.3466676476992,Medium,Low,Safe
4.5,13.91644205821884,2597,7,1,0,157.2964727389995,Low,Medium,Risk
8.2,91.41454784647628,386,10,1,1,88.18485032018603,Low,Low,Risk
6.8,68.57402497911745,3029,1,0,0,80.80288714153278,High,Medium,Failure
5.5,83.78224593509178,4018,4,0,1,278.9222059050765,Low,Medium,Risk
4.6,88.5029955268154,960,7,1,0,52.561470303183874,Low,Low,Safe
7.6,59.31837344459061,2046,9,0,1,174.31010500234365,Low,Low,Risk
6.8,54.15740341672892,3179,5,0,0,167.10199535075316,Low,Low,Risk
6.4,45.89060398049407,5497,2,1,1,222.1468837112455,Medium,High,Failure
8.0,35.109925840156336,6179,7,0,0,150.27362934990765,Medium,Medium,Risk
7.5,46.286616281577615,5900,10,1,0,82.41341255173212,Medium,Low,Safe
4.7,78.51856729436486,4254,1,1,0,51.649553389841984,Medium,Medium,Failure
5.4,62.1827259464375,7496,7,1,0,186.62482224826164,Low,Medium,Risk
5.1,89.78971254571037,8569,6,0,1,215.9782362991167,Low,High,Risk
7.3,47.121101366022835,364,7,1,0,171.28686232592776,Medium,Low,Risk
4.2,62.67350997828163,1184,10,1,1,221.76703185923722,Low,Low,Safe
6.6,64.97421754373893,4926,3,0,0,43.31483953253808,Medium,Medium,Failure
7.4,61.21123041910092,8152,3,0,1,264.8585882879975,High,High,Failure
7.9,71.75020844312405,9762,7,0,0,175.13625701414242,High,Medium,Risk
5.5,27.556179495606596,8397,2,0,0,38.92633414088655,High,Medium,Risk
7.7,53.67455886685011,5642,1,1,1,139.11563605751476,High,High,Failure
4.5,14.901356266793028,1774,9,0,0,253.59272962190752,Low,Low,Safe
7.8,41.52857612625719,3393,9,0,0,269.37109584249487,Medium,Low,Risk
4.6,51.328371519020116,936,7,0,1,80.13020199462969,Low,Low,Safe
5.8,66.96130465681989,771,7,0,0,213.66848158842546,Low,Low,Risk
7.6,95.30044999568933,7728,3,1,1,30.895588997649227,High,High,Failure
4.7,62.06185132209381,9154,10,0,0,11.030215552235186,Low,Medium,Safe
5.0,75.64142203677318,3407,2,1,1,168.55928719216288,Medium,Medium,Failure
7.3,53.095275652044265,920,7,0,1,208.75344621910963,Low,Low,Risk
7.2,65.23988298075147,6801,9,1,1,238.9402326217741,Medium,Medium,Risk
6.9,11.738560532708476,547,1,1,1,102.72465529814507,High,Medium,Failure
7.1,29.167200179975463,1806,4,0,0,2.95109771823721,Medium,Low,Risk
6.4,39.376043854488174,1167,6,1,0,144.37625189629478,Low,Low,Risk
5.1,49.88686872561879,2878,7,0,1,5.740210066696527,Low,Medium,Safe
5.6,9.336630822726455,1697,10,1,0,28.503368690569182,Low,Low,Safe
4.8,18.30228926756518,7042,7,1,0,98.68001773699277,Low,Medium,Risk
8.1,31.29735924017405,6821,10,1,0,131.71444281849298,Medium,Low,Risk
6.6,97.29560563559981,192,2,0,1,84.56136292766492,Medium,Medium,Failure
5.8,36.47796567478982,2811,4,1,0,174.97771468490765,Medium,Low,Risk
6.1,50.79390052064784,3485,5,0,0,17.549586976210463,Medium,Low,Risk
8.3,23.62928271014733,6672,1,1,1,44.22933336163583,High,High,Failure
4.7,63.02410675219799,7119,1,1,0,208.88226182587462,Medium,High,Failure
6.6,31.66490547401756,4562,10,1,1,43.5001152257774,Low,Medium,Safe
6.3,24.664294951650543,1898,3,1,1,192.2927852695563,Medium,Medium,Failure
6.8,54.07439970236801,2746,10,1,1,17.3507016052563,Low,Low,Safe
4.1,5.523050920239978,1767,3,1,0,122.80730145662298,Low,Low,Risk
7.9,5.728083101676406,3122,8,0,0,54.045431566233525,Medium,Low,Risk
8.2,25.811536864676487,9309,9,0,1,33.78124847802074,Medium,Medium,Safe
6.5,8.48852943757801,2836,1,0,1,170.54280226686703,High,High,Failure
7.1,15.26244664241568,3841,2,1,1,278.5723958296809,High,Medium,Failure
8.2,37.191761687181405,9530,10,0,1,17.3813273291411,Medium,Medium,Safe
7.2,81.24563956008222,3921,2,1,1,127.04472021719224,High,High,Failure
4.7,59.34462112008358,1856,4,0,1,212.55309588588767,Low,Medium,Risk
6.6,53.70343396585956,1554,2,0,0,139.34366167466027,Medium,Low,Failure
6.7,32.881438204771555,3358,7,1,1,242.14228788546833,Medium,Low,Risk
5.9,93.51660334611755,7167,9,1,1,54.71394944337537,Low,Medium,Safe
7.3,42.71642891753321,5098,7,0,1,287.9186673032944,Medium,Medium,Risk
8.2,13.273812845598291,8313,6,0,0,116.16362570398961,High,Medium,Risk
8.2,63.62131903119112,1740,10,0,0,103.12932025033825,Low,Low,Risk
6.0,15.814647380277133,9586,1,0,0,262.5071325564466,High,High,Failure
4.5,37.79619856616075,3353,10,1,0,169.5962425356382,Low,Low,Safe
8.4,53.20413417819184,3163,9,0,1,155.41685822894362,Medium,Low,Risk
7.8,88.0511398450917,9124,5,1,0,218.36639793900085,High,Medium,Risk
4.6,51.886925132311276,7900,5,1,1,174.370437246046,Low,High,Risk
8.1,71.7145827730081,6466,6,0,1,49.59217778237748,Medium,Medium,Risk
7.9,99.31759970491169,1554,9,1,1,202.58508923661398,Low,Low,Risk
6.3,17.491466390308254,8974,8,0,1,40.90719490535641,Medium,High,Safe
6.7,31.099494924354353,9990,8,1,1,241.95145389488454,Medium,High,Risk
5.8,42.48472718177641,3974,8,1,1,296.931242715969,Low,Low,Risk
4.2,45.07367696118898,8665,1,0,0,113.83889986745811,Medium,High,Risk
5.5,44.047002150226845,9833,1,1,0,133.98201356240176,High,High,Failure
7.6,91.22304524287271,4535,8,1,0,14.88366298936088,Medium,Low,Risk
4.0,72.83310122435137,8150,5,0,0,5.106223236690907,Low,Medium,Risk
5.5,62.75099533861685,8734,9,1,0,276.504381128022,Low,Low,Risk
5.8,34.3904081969643,241,2,1,1,39.45859407131842,Medium,Medium,Failure
6.4,83.260086501023,8740,9,0,0,134.28784552028162,Low,Medium,Safe
8.1,95.73074859107395,4967,8,0,0,244.79103253281286,Medium,Low,Risk
5.6,83.01383684227152,5881,9,1,0,266.90630921856757,Low,Low,Safe
5.6,5.148684993189926,9498,4,1,1,156.29990789975682,Medium,High,Risk
7.3,65.45813016742366,4372,1,1,1,169.94472496780898,High,High,Failure
6.0,9.857861236999568,7049,1,0,1,201.23550776651848,High,High,Failure
5.0,29.472685931703577,9058,5,1,0,288.45335857297084,Low,High,Risk
6.0,10.65484653303831,7332,2,1,0,181.19831832240703,High,High,Failure
4.6,62.360568030191835,9715,8,1,0,168.28310257744752,Low,Medium,Safe
4.8,70.22604178179765,9328,10,1,0,5.345706444531213,Low,Medium,Safe
6.2,15.876325616260987,1924,5,1,0,25.203960904684465,Medium,Low,Risk
5.9,41.46469388927305,9112,5,1,1,173.57431636057487,Medium,High,Risk
8.1,48.34246835077649,4813,2,0,0,280.9358759543538,High,Medium,Failure
5.6,40.06003706728708,8514,7,0,1,260.1407131714191,Low,High,Risk
6.6,16.49737504609334,9271,8,1,0,294.7910979746692,Medium,Medium,Risk
6.8,44.800040067810166,1101,10,1,1,158.82237723082093,Low,Low,Safe
4.1,76.36191454179972,9815,1,0,1,236.5913505928923,Medium,High,Failure
7.0,11.74572813065927,7588,2,0,1,252.2796991153128,High,High,Failure
4.8,12.617101337780827,7461,10,0,1,194.76146554192766,Low,Medium,Safe
8.3,38.7032727244185,6370,4,1,0,102.28622136013766,High,Medium,Failure
4.7,94.46394260379788,2155,5,1,0,141.52355196268053,Low,Low,Risk
5.9,68.51440143867683,357,2,1,0,257.51720460082674,Low,Low,Failure
4.4,69.47364588389365,7787,1,1,1,90.26582986866703,Medium,High,Risk
8.5,39.382399129597175,3409,9,0,0,277.1991962487279,Medium,Low,Risk
6.3,61.39777516481115,3226,1,0,0,69.71209608537686,Medium,Medium,Failure
6.7,5.962462482635621,1301,4,0,0,225.10540813187743,Medium,Low,Failure
4.3,65.42912440890652,5416,2,0,0,189.53721106937576,Low,Medium,Risk
7.4,91.76226001974248,1567,4,1,1,225.13023289510792,Medium,Medium,Failure
4.9,63.19447949275782,6276,8,1,1,131.76692415734584,Low,Medium,Safe
8.0,88.00136637930278,5355,8,0,0,279.8596777036414,Medium,Low,Risk
4.9,73.77744026927891,9620,9,0,0,190.10918852103174,Low,Medium,Safe
4.9,16.45304955835057,5919,5,0,0,87.20044556172263,Low,Medium,Risk
4.2,90.73306419215497,8089,7,0,1,191.89806612499098,Low,Medium,Safe
6.1,11.312165213798615,4941,3,0,1,86.75790841490232,High,High,Risk
6.5,55.72690989203756,5042,10,1,1,88.7960851362024,Low,Low,Safe
4.3,18.50302676037848,2011,4,1,0,120.4799549746395,Low,Low,Risk
7.5,6.112128019435886,2913,10,0,1,255.87669485316658,Medium,Low,Risk
6.0,45.093254712125706,6653,9,0,1,150.5890644438036,Low,Medium,Safe
6.4,33.02886722714484,4617,10,0,1,203.99135182683202,Low,Low,Safe
6.0,51.170046910772285,6563,10,1,1,118.19835434206445,Low,Medium,Safe
5.8,59.833989239782326,4055,1,1,1,79.81802650225755,High,Medium,Failure
6.5,9.155211869349998,9164,2,1,0,286.4374080541532,High,High,Failure
4.7,16.685313036755836,233,5,0,0,181.47079288979572,Low,Low,Risk
4.8,58.07102766279041,7805,3,1,0,280.25145023623276,Medium,Medium,Risk
7.9,37.60089855140253,3408,2,0,0,61.8204876572962,High,Medium,Failure
8.3,74.27148131719755,6665,1,1,1,44.921355009966895,High,High,Failure
5.7,66.96770661623427,9640,10,1,0,256.8910492300472,Low,Medium,Safe
5.2,85.33241448404115,6847,3,1,0,204.59424657255818,Medium,Medium,Risk
6.9,70.78681853357641,8778,1,0,0,56.78697127683876,High,High,Failure
5.8,45.84345235206407,7728,1,0,1,81.5385504983978,High,High,Failure
4.1,68.93182912747108,5748,1,1,0,240.39851851606804,Medium,Medium,Failure
4.7,31.16121155426476,1323,8,0,1,136.7067173787849,Low,Low,Safe
7.2,34.099782383930204,6703,3,0,1,201.49161144532118,High,High,Failure
7.0,79.95359019247536,1146,1,0,1,96.18725461866725,Medium,Medium,Failure
4.1,47.40985405815031,9547,7,0,0,114.98775587968814,Low,Medium,Safe
5.0,80.84613234924349,9157,10,0,1,297.2230550283084,Low,Medium,Safe
5.0,83.13012549848645,8052,3,0,0,75.03750906524084,Medium,Medium,Risk
7.0,86.46842207782196,4297,8,0,0,152.4304567339177,Low,Low,Risk
4.1,92.08034740491469,9270,4,1,0,253.47630061396913,Low,Medium,Risk
4.5,45.94359594876315,5364,4,0,1,72.52774088609154,Low,Medium,Risk
7.6,35.29234774050819,3404,5,0,1,125.14891324861487,Medium,Medium,Failure
4.8,60.308880926440814,320,6,1,0,184.9122949236265,Low,Low,Risk
6.9,40.26138022657462,1236,7,1,1,144.87525729105565,Low,Low,Risk
5.1,62.10204584602213,6355,4,1,1,138.39117770452492,Medium,Medium,Risk
4.4,72.03065695116334,2448,8,1,1,109.39040966531496,Low,Medium,Safe
5.1,70.398476756753,7045,6,0,0,176.4072520047026,Low,Medium,Risk
7.3,40.58252426691153,7349,1,1,1,187.68743667915948,High,High,Failure
7.9,20.851719161381517,4232,1,1,1,196.3335727295074,High,Medium,Failure
7.7,45.900287153909716,9953,9,0,0,22.040064263902767,High,Medium,Risk
5.8,18.54644368778133,2280,10,0,1,189.6792185379026,Low,Low,Safe
7.0,89.55921834246179,6561,6,0,0,286.0179164555886,Medium,Medium,Risk
4.9,37.85835877009645,178,10,1,1,162.75488442289702,Low,Low,Safe
5.3,19.67367598621576,9511,8,0,1,214.86485767026406,Low,High,Risk
8.0,7.417537191046334,3722,7,1,1,167.4629600200061,Medium,Medium,Risk
4.1,66.353126697216,9843,6,0,1,256.5674449590016,Low,High,Risk
4.4,65.5057201582006,4815,4,0,1,278.9453452846731,Low,Medium,Risk
4.9,37.35739582522271,4020,7,1,1,56.08174988961143,Low,Medium,Safe
4.1,11.812629440526845,7595,9,0,0,131.62115093058085,Low,Low,Safe
4.8,43.91474501504704,5602,10,0,1,118.32224817888367,Low,Medium,Safe
6.6,34.56566203102239,677,10,0,1,122.15932186648432,Low,Low,Safe
5.9,69.32646077482589,6639,7,0,1,38.53173018713489,Low,Medium,Risk
8.0,62.549028698005586,2094,1,0,0,244.27110206823508,High,Medium,Failure
7.7,39.6364041787663,2391,10,1,0,11.69410666146564,Low,Low,Safe
5.5,25.69979265422406,5934,9,1,0,158.93975571041992,Low,Low,Safe
5.2,98.86341678478122,8235,4,0,1,198.90163802536267,Low,High,Risk
5.7,48.130154013630914,299,3,1,1,63.03336197960428,Medium,Medium,Risk
6.7,70.38605239912252,2975,4,1,0,271.84920743753986,Medium,Low,Failure
5.2,18.352531919944276,5093,4,1,0,251.72621290041312,Medium,Medium,Risk
6.8,51.13102146764279,1024,10,0,0,141.85403511569368,Low,Low,Safe
5.8,7.615988387599222,9567,2,0,1,123.93353076970148,High,High,Failure
6.5,53.01823620149275,7242,1,0,0,71.73380963811891,High,High,Failure
6.0,96.58165367618172,9225,10,1,1,219.26797416884412,Low,Medium,Safe
5.3,41.49963773365102,9130,1,1,1,40.391396089957276,High,High,Failure
8.3,8.7046211946166,2722,8,0,1,204.39108839929114,Medium,Low,Risk
7.4,7.940800137337636,7329,2,0,0,252.89463884940565,High,Medium,Failure
4.6,41.858742194952605,7581,10,1,1,69.3130011991901,Low,Medium,Safe
7.9,20.202368964003433,9568,5,1,0,260.0617934667281,High,Medium,Failure
6.2,7.218449151177662,8712,4,0,0,10.963636632413028,Medium,High,Risk
8.0,76.8402933252668,2037,8,1,0,273.92342823057106,Medium,Low,Risk
7.6,48.55968584377961,140,2,1,0,36.39030612753811,High,Medium,Failure
5.9,32.47825333740218,8771,10,1,1,194.08199420347177,Low,Medium,Safe
4.1,90.50790238656566,4109,9,1,1,75.77465820526861,Low,Low,Safe
5.2,16.033201219049932,2823,7,1,1,251.12916495971453,Low,Low,Risk
6.4,95.81228875075533,9928,7,1,1,154.17780791372448,Low,High,Risk
6.9,34.826838150848516,8433,1,1,0,41.4371161827039,High,Medium,Failure
5.2,89.39834886932472,7459,2,0,0,171.72647982646757,Medium,High,Failure
4.6,62.27957326554885,4490,4,0,0,122.95690044889795,Low,Low,Risk
7.8,83.5371991754413,7397,4,1,0,198.77289716731724,High,Medium,Failure
8.4,98.48125050499411,1058,3,1,1,264.6890821442744,Medium,Medium,Failure
6.4,32.398516592780844,3833,7,1,0,123.40735022384212,Low,Low,Risk
4.8,96.30787111372133,6696,8,0,1,87.67432318062404,Low,Medium,Safe
5.2,42.00078001572994,4348,2,0,0,5.34001326375503,Medium,Medium,Risk
4.1,41.62363095000762,4718,4,1,0,172.8768723201026,Low,Medium,Risk
8.1,37.33677490417804,4337,3,0,0,121.28015546199863,High,Medium,Failure
4.5,56.433722698020595,2102,2,1,0,113.02011648543379,Low,Medium,Risk
6.6,19.643779101956277,6059,6,1,1,55.697661063979545,Medium,Medium,Risk
5.2,57.602591109011065,1766,4,1,1,129.58654821219102,Low,Medium,Risk
6.5,56.46195717895038,360,6,1,1,295.34814412142714,Low,Medium,Risk
6.9,77.38067219746264,4588,2,1,1,90.02849194800106,High,Medium,Failure
7.7,84.19674638407062,1310,4,1,0,180.31161960902196,Medium,Low,Failure
4.9,46.84192827968028,3982,6,1,0,233.16957751338438,Low,Low,Risk
4.0,33.721658688391905,634,5,0,1,224.998189129783,Low,Low,Risk
4.6,29.636815245123973,7666,3,1,1,99.30351196028464,Medium,High,Risk
8.1,23.489264486962835,8601,8,0,0,183.64716497153827,Medium,Medium,Risk
7.9,10.476520308907364,2916,7,1,0,261.508140895777,Medium,Low,Risk
6.7,37.532557989297764,5948,3,1,1,5.618780892190306,High,Medium,Risk
6.7,30.67353075242441,2061,6,0,1,131.28457269614898,Medium,Medium,Risk
7.0,96.80965165730869,6301,4,0,1,68.05775205432968,Medium,High,Risk
4.8,57.98233849375417,4989,5,1,0,117.20105482925285,Low,Medium,Risk
8.1,37.991318707898216,4056,5,0,1,125.38089278459725,Medium,Medium,Failure
5.9,60.14442209440112,1675,7,1,1,224.25461847120445,Low,Low,Risk
5.7,18.223686627841072,940,5,1,1,29.0527398462375,Low,Medium,Risk
6.3,47.18415617420928,6128,3,0,1,154.26258703662063,High,High,Failure
4.2,64.49226053500107,7086,10,0,1,169.69424274782486,Low,Medium,Safe
4.7,51.44529402028288,8973,5,0,0,148.7531234619895,Low,Medium,Risk
7.3,43.168986062160805,4011,7,0,1,219.83010266575332,Medium,Medium,Risk
4.4,99.41559694547132,2554,5,1,0,115.75358551614737,Low,Low,Risk
6.7,88.62990240414807,8856,5,0,1,283.54515202838274,Medium,High,Failure
5.1,64.22356602514681,3856,9,0,1,145.05922931914347,Low,Medium,Safe
5.8,59.09084931231686,6150,3,0,1,171.79295897482447,Medium,High,Risk
5.3,63.96274558333548,1769,6,0,0,247.83371618067807,Low,Low,Risk
5.6,24.12465024313116,6736,1,0,0,83.29559567340561,High,Medium,Failure
7.2,42.538085610110265,1637,10,1,0,23.485406600077937,Low,Low,Safe
5.3,8.748655624635436,7050,5,1,1,212.62740953038227,Medium,Medium,Risk
6.5,50.176873561248534,9853,8,0,1,145.42054480896522,Low,High,Risk
6.1,56.587335475978,946,5,0,0,269.05477103673945,Low,Low,Risk
7.0,26.63622492980491,5608,9,1,0,294.8213345680078,Medium,Medium,Risk
8.2,96.5827404807238,8519,6,0,1,120.33369582184403,High,High,Risk
7.3,91.39818803903799,4697,8,1,0,125.21626586163859,Medium,Low,Risk
5.0,73.60360736831106,9878,10,1,1,122.9808180595122,Low,Medium,Safe
4.1,55.671729732709444,2482,8,0,0,98.04167880954691,Low,Low,Safe
5.2,87.64707016653007,3954,3,1,0,234.72444223215282,Low,Medium,Failure
6.7,17.411972663228976,6887,7,0,0,227.93973298472756,Medium,Medium,Risk
4.2,80.09843045611407,1499,7,0,1,144.11481629460692,Low,Low,Safe
6.2,16.857977326850587,4550,10,1,1,14.353703697290726,Low,Low,Safe
6.7,80.45001294219351,5504,6,1,0,93.55823115240895,Medium,Medium,Risk
5.5,31.19791898387891,9474,7,0,1,88.39861091989641,Medium,High,Risk
7.5,88.32360519672795,4167,2,1,1,243.51508661387726,High,High,Failure
4.5,94.6839989134128,8919,9,0,1,27.18509645143624,Low,Medium,Safe
4.3,19.135617093485983,2078,10,1,1,241.89693833376853,Low,Low,Safe
7.3,48.954182481212385,6895,10,1,0,201.08591200754375,Low,Low,Safe
6.2,98.19380092545508,3808,1,0,1,219.99999628000432,Medium,Medium,Failure
7.1,50.923706417448926,5954,1,0,1,130.231743087922,High,High,Failure
6.0,87.03701463888179,4674,3,0,0,204.2380130045257,Low,Medium,Failure
5.1,60.92949460247539,8898,3,1,1,183.09965446736783,Medium,High,Failure
7.7,40.656341252362175,215,1,0,1,230.9250783733602,High,Medium,Failure
7.6,32.14943777495767,4641,7,0,1,134.58418050600739,High,Medium,Risk
7.1,24.30619365317829,639,4,1,0,142.37486184399444,Medium,Low,Failure
5.2,77.37082818088123,4574,10,1,0,193.42929059920624,Low,Low,Safe
6.7,41.72134814818765,2871,2,0,1,33.3151706062501,High,High,Failure
5.6,53.57116890907136,6559,10,0,1,131.43709006093087,Low,Medium,Safe
4.4,51.770920600112284,7743,5,0,0,291.61330273268186,Low,Medium,Risk
8.1,59.84150777714747,9504,6,0,0,12.228143697953637,High,Medium,Risk
4.6,87.22982883433247,121,9,1,0,95.48541213705175,Low,Low,Safe
8.3,98.1702376404258,3630,4,1,1,94.91883590772186,High,Medium,Failure
6.0,43.72049981451261,8012,2,0,1,190.40577165149602,Medium,High,Failure
4.8,83.6142976000988,318,5,0,0,32.634307467817834,Low,Low,Risk
6.4,77.63014049219818,2512,3,0,1,188.93466523277948,Low,Medium,Failure
7.9,59.48525038827946,9510,2,1,1,29.417031954834208,High,High,Failure
7.3,95.82447864313365,1065,1,0,1,29.39114057808097,Medium,Medium,Failure
7.6,24.045078975198265,9325,10,0,1,218.7268237993562,Medium,Medium,Risk
7.0,15.380099979414034,8034,2,1,1,97.9164169760061,High,High,Failure
7.1,86.12638686076511,456,6,1,1,293.24946136641057,Low,Medium,Risk
7.8,46.71923258020609,7434,8,0,1,12.168527994230924,High,Medium,Risk
5.1,85.46204114967074,6099,3,0,0,134.08689245168026,Low,Medium,Risk
6.2,89.84356949356442,6219,9,1,0,34.82764536453307,Low,Low,Safe
5.0,10.933471393811786,8032,9,0,0,106.06231106067449,Low,Medium,Safe
8.4,88.92915248367576,1035,2,0,0,299.46851273210615,High,Low,Failure
8.2,47.59031026009511,4535,8,1,0,266.763911009821,Medium,Low,Risk
4.2,53.49108645540206,8951,10,1,0,15.448998247763674,Low,Low,Safe
7.2,64.52628855385498,2668,5,1,0,169.41349730387932,Medium,Low,Risk
8.2,93.00634763935824,6339,4,0,0,194.69886914250628,High,Medium,Failure
4.8,6.816028970827583,9653,10,1,0,63.650852561087575,Low,Medium,Safe
6.6,50.300129490192624,6978,5,1,1,44.38656644553863,Medium,Medium,Risk
8.1,70.33359403090327,5418,4,0,1,271.40995926499147,High,Medium,Failure
4.2,73.6571609813317,4671,8,0,0,290.6761160035296,Low,Low,Risk
7.1,70.79058099602526,9727,4,1,1,297.57596433857293,High,High,Failure
5.3,17.771337293771577,7616,10,1,1,237.13877034665572,Low,Medium,Safe
8.2,33.44258089530972,4720,6,0,0,199.3871187521719,High,Medium,Risk
8.4,39.07797491461628,7708,2,0,0,104.37334540570637,High,High,Failure
8.2,81.42153472955297,1053,5,1,0,52.24809538510098,Medium,Low,Failure
6.1,31.482187879382536,7554,6,1,1,24.615199210503278,Medium,Medium,Risk
7.9,25.0169715673843,2516,5,0,1,208.2959430968961,Medium,Medium,Failure
7.8,95.95756180861913,1989,2,1,0,235.63230113862812,High,Medium,Failure
5.4,5.842012085779546,1685,7,0,1,248.10964208403902,Low,Low,Risk
7.7,99.79298128978793,9940,4,1,1,274.2157359878358,High,High,Failure
4.2,69.29802339145259,8145,8,0,1,264.0989395278737,Low,Medium,Safe
6.7,83.70458344766612,6315,7,0,0,299.9226404051697,Low,Medium,Risk
5.0,32.98884265288835,1945,7,1,1,73.97513927920814,Low,Medium,Safe
4.5,6.359951378370698,6574,9,1,1,229.22897694845096,Low,Medium,Safe
4.3,75.09760426334536,1123,1,0,1,176.3513942000645,Low,Medium,Failure
7.1,84.2437367150642,5234,10,1,1,79.11229460362114,Low,Medium,Safe
5.5,75.34523253558432,2452,6,1,1,294.5896913637959,Low,Medium,Risk
7.3,18.570777293579667,4945,6,1,1,269.4715333275014,Medium,Medium,Risk
4.3,76.57565261441206,7381,6,0,1,39.42618486479081,Low,High,Safe
5.4,78.04766430022589,9393,6,1,0,8.821344354702536,Low,High,Risk
6.4,67.56134898865521,2006,10,1,0,206.81089793747037,Low,Low,Safe
7.6,77.78101361558069,7073,7,0,1,181.635058028104,Medium,Medium,Risk
5.4,85.36253676938455,3957,10,1,0,280.80887160923265,Low,Low,Safe
6.8,63.29239085255855,857,6,1,1,70.96758086095058,Low,Low,Risk
8.0,13.41744782711951,8428,1,0,1,26.231996420601128,High,High,Failure
6.8,51.32464191838503,4877,3,0,1,78.50538479782395,High,High,Failure
5.0,12.376686793802481,4574,2,1,0,6.659364512927572,Medium,Medium,Risk
4.1,43.71658794808093,9549,6,1,1,11.731932605490796,Low,High,Safe
7.9,43.675116466934625,2334,8,0,1,274.5424839703071,Medium,Low,Risk
4.1,11.27093519332295,5363,3,0,0,106.25295816806161,Low,Medium,Risk
7.9,38.13795072710054,807,10,1,0,123.83189130189452,Low,Low,Risk
6.4,15.54481938517491,4937,8,1,1,6.4931247068932185,Medium,Medium,Safe
8.2,81.78234495087611,3904,8,1,0,81.88601227138213,Medium,Low,Risk
7.6,95.03036246662472,3608,5,0,0,241.61306913868788,Medium,Low,Failure
8.5,11.870065149504168,9822,8,1,1,185.03179694034904,High,High,Risk
5.6,95.73594469271163,1011,6,0,1,226.38039972483818,Low,Medium,Risk
7.5,54.64477693699079,3897,5,0,1,134.71690849734173,Medium,Medium,Risk
5.8,33.45873940561802,6776,9,0,0,93.60903730364767,Low,Low,Safe
6.2,12.301897151235533,3625,7,1,0,145.36021790518274,Medium,Low,Risk
6.8,52.55930546668969,9117,8,1,0,97.5982494533196,Medium,Medium,Risk
7.9,80.47897672662113,2468,1,1,1,251.85235790554634,High,Medium,Failure
8.4,72.17321534033633,4248,2,0,0,90.00444096226087,High,Medium,Failure
7.5,9.771471089077508,1051,8,1,0,198.26932849547205,Medium,Low,Risk
5.9,11.925674359950833,5294,9,0,1,41.95768447054882,Low,Medium,Safe
5.9,43.27296185010052,7169,4,0,1,206.37308162673807,High,High,Risk
7.3,33.052596934554614,4116,10,0,1,274.0766137684101,Low,Medium,Risk
5.1,27.076510690324543,2895,10,0,0,182.9663632373326,Low,Low,Safe
4.5,31.69542739632779,9723,9,0,1,168.39675863030868,Low,High,Safe
5.6,81.33086061320404,8899,4,0,0,288.3743621384704,Medium,Medium,Failure
5.3,93.27666509502612,5366,10,1,0,188.59157003943807,Low,Low,Safe
5.3,43.48475598011881,472,10,0,1,78.60557954865169,Low,Low,Safe
5.1,91.08054520258722,6765,10,1,1,88.42491613047439,Low,Medium,Safe
4.2,35.54209161854878,4316,9,0,1,211.88668611824224,Low,Low,Safe
4.1,50.2615137026602,7599,7,1,1,220.8955415737637,Low,Medium,Risk
8.4,26.472754792519975,6366,2,1,1,91.74537330491555,High,High,Failure
5.9,65.84522400670518,2760,9,1,0,104.25784939997273,Low,Low,Safe
5.7,98.00320594160685,8694,4,1,0,297.32589611298704,Medium,High,Risk
7.1,62.33184412412097,8119,8,0,0,31.483812324502956,Medium,Medium,Risk
5.0,38.99233799078714,1707,7,0,1,121.9888635035897,Low,Low,Risk
8.3,66.5426573691002,2591,7,0,0,19.67181182805473,Medium,Low,Risk
7.5,16.67746445421182,6813,8,0,1,246.50243023747407,Medium,Medium,Risk
4.4,89.42261262521286,3125,1,1,1,28.611405844684242,Low,Medium,Risk
5.9,52.79297532408445,3214,5,1,0,202.52819958235062,Medium,Medium,Risk
8.0,47.688225493766,2103,2,1,0,17.888543777041132,High,Medium,Failure
8.3,60.657154903084326,8529,2,0,1,202.18365630509766,High,High,Failure
6.1,64.35446696499324,5787,1,1,0,253.06804713138328,Medium,Medium,Failure
6.8,11.818701591518739,3267,5,0,1,120.24763655029315,Medium,Medium,Risk
4.8,69.84863601622322,1497,2,1,0,157.1158215362209,Low,Low,Risk
8.5,27.98350962997531,6059,4,1,0,121.06097966357946,High,Medium,Failure
5.0,72.82550008812603,657,3,1,0,90.84613883115904,Low,Low,Risk
8.2,83.14080546649869,4602,3,1,0,241.17575678751132,High,Medium,Failure
6.9,81.37605821748943,1814,2,1,0,82.32876954556592,Medium,Low,Failure
6.7,57.48759190374947,9467,6,0,1,217.16008389244467,High,High,Risk
6.3,54.41613976952136,9477,2,1,0,62.652926697305475,High,High,Failure
5.0,18.57321632724411,9271,8,0,0,75.70628502742055,Low,Medium,Safe
4.8,78.65788428829788,2721,8,0,0,101.60188761058646,Low,Low,Safe
5.0,30.783891142437867,6569,5,0,1,177.15775684074268,Low,Medium,Risk
4.8,52.186065167704925,4012,10,0,1,136.87227342870278,Low,Low,Safe
7.5,32.006038828114086,3227,7,0,1,223.7982981385183,Medium,Medium,Risk
5.6,17.713694484970848,3772,4,0,1,64.8566228005215,Medium,Medium,Risk
4.3,64.80798120471498,4956,1,0,1,4.191014066801401,Medium,High,Risk
8.4,10.161543308175863,7313,2,0,0,233.1906840637808,High,High,Failure
8.0,76.121297241989,5104,10,1,0,246.67315083014165,Medium,Low,Risk
8.2,35.170745549806085,9717,10,1,0,18.784568769408477,High,Medium,Safe
8.5,5.012795835426106,858,4,0,1,183.66134912536054,High,Medium,Failure
4.8,53.55726822753683,9220,1,0,1,114.0838283780503,Medium,High,Risk
5.8,9.450931310122296,775,8,0,0,238.37480090316052,Low,Low,Risk
7.4,31.23610799298545,7751,9,1,1,262.4499517047471,Medium,Medium,Risk
7.1,72.16276630829303,1266,4,1,1,255.45012627237747,Medium,Medium,Failure
4.7,10.955514054077257,4101,10,0,1,233.38406995790479,Low,Low,Safe
7.7,84.73715677382022,2247,3,0,0,81.44661639390672,Medium,Low,Failure
5.0,5.362892652565395,2856,2,1,0,243.7550034269267,Medium,Medium,Failure
5.0,28.448267574180715,9020,5,1,1,160.51006429598152,Low,High,Risk
6.4,75.38588533444678,1022,3,0,1,16.774227834795155,Medium,Medium,Risk
6.7,35.045664224284145,5684,10,0,1,137.62471611957645,Low,Medium,Safe
6.6,14.679776866271284,7533,7,0,1,282.705217191968,Medium,Medium,Risk
4.4,39.22222228604065,2173,6,0,0,266.46994557093024,Low,Low,Risk
7.9,30.687362206529926,8840,1,1,1,31.577020018137695,High,High,Failure
5.2,85.05763070525272,274,8,1,0,223.4938790285967,Low,Low,Safe
4.6,34.7680521705886,9082,2,0,0,241.9320669215122,Medium,High,Failure
8.0,79.94858481872069,1864,5,0,0,82.14506828279268,Medium,Low,Risk
8.3,89.7278537570198,1156,9,0,1,142.0109626515866,Low,Low,Risk
7.9,46.2126548597703,174,8,1,0,213.5853944976412,Medium,Low,Risk
7.6,91.44459866616724,3296,2,0,0,132.27340515752323,High,Medium,Failure
6.9,40.84521512650332,2981,9,0,1,34.726278741106505,Low,Low,Safe
6.5,96.58744956656028,3021,5,0,1,212.05885095983476,Low,Medium,Risk
4.4,13.482504829929429,2067,10,1,1,273.57996823085574,Low,Low,Safe
5.8,70.26683031780806,7465,6,0,0,196.09293379344112,Low,Medium,Risk
5.7,51.91233384340823,2465,3,1,1,232.36642382214114,Medium,Medium,Failure
5.2,41.82663651828647,3146,3,0,0,108.15039816169072,Medium,Low,Risk
7.3,65.10762848111709,1659,10,0,0,55.77627529286382,Low,Low,Safe
6.2,71.86642370526147,767,8,0,1,193.18932482386947,Low,Low,Risk
4.4,5.4145106167793635,3611,10,1,0,99.00359054652445,Low,Low,Safe
5.0,20.860543430983878,9258,10,0,0,258.16198217794806,Low,Medium,Safe
7.1,72.73937481026027,6832,2,0,0,37.66578694342397,High,Medium,Failure
4.3,68.30661428992961,1098,2,1,0,130.605646220204,Low,Low,Risk
7.8,96.77451298722434,9599,5,1,1,119.62155254004736,High,High,Failure
6.2,77.29859007382439,8357,6,1,0,281.47810221262495,Medium,Medium,Risk
6.2,95.32340723447712,7955,2,0,1,46.78730538071676,Medium,High,Failure
6.7,71.74134764580666,5628,5,1,0,3.944200678591274,Medium,Medium,Risk
7.7,33.3149598207471,1670,7,0,0,72.18747862932815,Medium,Low,Risk
5.6,15.009667613831365,6598,10,1,1,246.26278107082769,Low,Medium,Safe
7.1,79.27326701776889,7431,10,1,0,63.587222998058095,Low,Low,Safe
6.5,66.19417604021201,4830,8,1,0,73.02254104793933,Low,Low,Risk
5.2,9.577671177363142,3842,7,0,0,39.83974255650643,Low,Low,Safe
8.0,39.20479426059294,2991,8,0,0,214.9154247796856,Medium,Low,Risk
7.6,95.89598247100719,5745,9,0,0,21.683082961119737,Low,Low,Safe
7.0,52.538108842469114,6451,5,0,0,100.03128239622797,Medium,Medium,Risk
7.8,46.10926792187194,9219,5,0,1,85.4671192596684,High,High,Risk
7.9,48.48146249013293,6247,10,0,1,166.99275920725628,Medium,Medium,Risk
7.2,24.843858780490553,5500,4,0,1,219.39446324090093,High,Medium,Failure
7.8,40.02718123215554,9025,9,0,0,160.33005397432748,Medium,Medium,Risk
7.1,40.13225931878178,8482,5,0,0,279.3767718995452,Medium,Medium,Failure
7.1,9.973726917809877,5924,2,1,0,285.48134902731226,High,Medium,Failure
6.8,77.91892470920223,1603,10,1,1,109.0781332210561,Low,Low,Safe
7.4,44.567921030868504,1062,8,0,0,233.52643250619292,Low,Low,Risk
4.7,83.10708924756021,8428,7,0,1,221.9016135971887,Low,Medium,Risk
8.0,85.78306010639007,1931,8,0,0,267.99641291974336,Low,Low,Risk
7.9,25.139435196372517,6849,3,0,0,134.93514842210328,High,Medium,Failure
4.1,67.44858080616221,4636,4,1,0,159.61148297213987,Low,Medium,Risk
7.7,49.86677139548326,8672,5,1,1,125.31651976089063,High,High,Risk
4.6,88.61489010254108,8480,6,0,0,255.26269887061198,Low,Medium,Risk
5.5,25.49536452176314,6497,1,1,1,69.68099229327818,High,High,Failure
7.3,69.39225402945421,2395,4,1,0,72.67301439449096,Medium,Low,Risk
4.7,62.736451614008644,125,10,0,0,112.40892596954686,Low,Low,Safe
7.7,33.053640369324114,9598,5,0,1,69.872506798603,High,High,Risk
7.7,17.9770858468614,5927,7,0,0,168.7410440880613,Medium,Low,Risk
6.3,66.90577724534128,6835,5,0,0,41.21254184215519,Medium,Medium,Risk
4.0,75.16675852257141,4972,1,1,0,96.73567960181255,Low,Medium,Failure
5.3,34.98459765751825,8140,7,0,0,274.1199648442014,Low,Medium,Risk
6.8,66.25909738211982,2380,8,1,1,123.35841857734698,Low,Low,Risk
8.4,42.53743622309281,4736,7,0,1,224.72188123155925,Medium,Medium,Risk
6.8,72.75465391184868,1952,4,1,0,34.92519532026563,Medium,Medium,Risk
5.2,23.925451114935044,4720,8,0,0,75.02178793439361,Low,Low,Safe
6.9,89.57042525043657,7193,5,0,1,242.3963407389102,Medium,High,Failure
6.4,32.30391166423007,2109,10,1,0,229.13488795061855,Low,Low,Safe
7.5,39.93966883683453,190,9,1,1,116.46061965955252,Low,Low,Risk
4.5,10.51873544763323,1839,10,1,0,286.3646737080088,Low,Low,Safe
7.4,15.593660170521257,66,5,0,1,273.2822617345291,Medium,Low,Failure
6.4,54.00688075767117,514,1,1,1,288.7279239845597,Medium,Medium,Failure
8.3,30.42130428915729,4521,9,1,1,128.94649236614782,Medium,Low,Risk
5.5,84.37062144550846,1877,5,1,1,60.04460152201922,Low,Medium,Risk
6.8,6.395871922220615,8761,6,1,0,188.37093308831095,High,Medium,Risk
8.2,41.01393462383394,6006,4,1,0,205.74717432548036,High,Medium,Failure
4.5,37.047826943063804,139,6,1,1,38.507093550705484,Low,Low,Safe
8.2,6.836124937172098,4865,8,1,1,236.15842725447587,Medium,Medium,Risk
7.1,16.81499790504847,2901,3,1,1,6.400005708228198,High,Medium,Risk
4.3,44.29605411727035,2893,5,1,1,145.33578785555824,Low,Medium,Risk
5.4,51.82213552250743,9167,2,0,0,99.97386158897356,Medium,High,Failure
7.2,43.407525989212566,6593,2,0,1,222.35061490982613,High,High,Failure
4.3,55.43907944914891,5951,7,1,1,94.51545749912296,Low,Medium,Safe
6.6,61.53750911603974,1019,10,0,1,248.2153267215288,Low,Low,Safe
5.6,5.942763007144385,1144,10,0,1,178.89109314546235,Low,Low,Safe
6.8,49.089040148082866,6174,10,1,1,238.37411516685953,Low,Medium,Safe
4.2,96.5324278843209,7397,6,1,1,296.8128507140475,Low,High,Risk
7.9,54.30806661230713,3245,4,1,1,204.06834537732348,High,Medium,Failure
8.4,69.36651540860055,1454,5,1,0,295.50014459213156,Medium,Low,Failure
8.4,34.6270665021039,6990,1,1,1,9.622061749589898,High,High,Failure
7.4,78.52918092451245,4340,7,1,1,102.10385655665873,Medium,Medium,Risk
4.6,78.42754077823093,4032,8,0,1,33.248126104130435,Low,Low,Safe
7.4,54.5231245271432,5605,9,1,0,79.42917448394742,Low,Low,Risk
4.1,97.7213132115253,8004,8,0,0,251.82748183860656,Low,Medium,Safe
4.1,16.927270402452073,4763,5,1,0,10.664656332501004,Low,Medium,Safe
5.5,6.610028164510195,3142,3,1,1,156.53469778398573,Medium,High,Risk
6.2,78.16503011692411,4209,10,0,1,170.57148355217953,Low,Low,Safe
7.5,81.67977604966384,6358,9,1,1,168.78419285491486,Medium,Medium,Risk
7.1,16.419686766454745,7528,6,1,0,143.11382507315346,Medium,Medium,Risk
6.0,30.230369131067576,8526,5,0,1,237.39028646615685,Medium,High,Risk
5.2,6.667474519829746,4983,3,1,0,40.929383762159794,Medium,Medium,Risk
8.5,32.86431802415365,4976,6,0,0,93.8625276496854,High,Low,Risk
5.9,78.44847802227379,9429,3,1,0,185.10208998010665,Medium,High,Failure
6.0,54.206250132695,4019,10,1,0,207.5944585141188,Low,Low,Safe
4.7,38.06908135098737,3015,6,0,0,121.84038110133983,Low,Low,Risk
7.6,40.315233016101374,4369,4,1,1,262.7360077348427,High,Medium,Failure
7.1,5.128594442969475,9025,2,0,1,125.23252561207839,High,High,Failure
5.0,33.48105011869741,7158,8,0,0,121.43006417015161,Low,Medium,Safe
4.4,66.4135804556034,9191,4,0,1,11.825971184728102,Medium,High,Risk
7.1,97.54847216255392,3989,9,1,1,165.7912595222254,Low,Low,Risk
6.9,85.47077856347045,94,7,1,0,212.89557071505962,Low,Low,Risk
5.2,7.241521641325267,1860,2,0,0,35.21701089153758,Medium,Medium,Risk
8.3,90.36325744410973,4616,4,1,1,92.32439706027338,High,Medium,Failure
4.7,79.40384926336947,9071,5,1,1,234.59582918107282,Low,High,Risk
5.9,79.13573173924314,1959,3,1,1,110.40991118865905,Medium,Medium,Risk
8.2,48.50959710533929,6414,9,0,1,73.23913614997193,Medium,Medium,Risk
5.9,42.81050283067777,2631,5,1,0,201.98799840596854,Low,Low,Risk
6.9,33.7769942391533,741,2,0,1,59.83087452382503,Medium,Medium,Failure
5.8,11.241011600664748,981,3,1,0,268.80022295536986,Medium,Low,Failure
5.2,26.682359531901415,7960,9,1,0,32.57392041181615,Low,Medium,Safe
8.4,28.427345322912338,6432,7,0,1,212.25839088256527,High,Medium,Risk
5.8,50.98732162246915,3456,2,1,1,150.36506168462617,Medium,Medium,Failure
8.0,76.00721862668593,8389,9,0,1,261.10893915670107,Medium,Medium,Risk
5.0,50.01193369780493,1082,4,1,0,38.732332216844746,Low,Low,Risk
5.0,10.495222697480258,1361,9,0,0,203.69058063033026,Low,Low,Safe
4.1,95.99003109387937,8629,2,1,0,172.04433711523305,Low,High,Risk
6.9,94.55881031394067,3171,10,1,0,144.54695252977388,Low,Low,Safe
5.7,79.5930065990988,1923,4,1,1,147.93077176636785,Low,Low,Risk
7.9,99.17615064860095,9157,5,0,0,216.8711115777607,High,High,Failure
6.1,56.72582161602498,6831,2,0,0,281.3847548255118,High,Medium,Failure
8.4,96.46299327405458,3798,10,0,1,28.28424607659538,Medium,Low,Safe
4.8,12.182478858591324,327,1,1,0,6.831291635545549,Low,Low,Failure
7.9,39.73967108483028,1909,7,0,0,241.90573295187986,Medium,Low,Risk
7.5,26.411220460642753,5979,10,0,1,33.34264687767704,Medium,Medium,Safe
7.5,23.60414299275565,6842,1,0,0,296.02234202804675,High,High,Failure
7.8,18.376280144804227,4763,8,0,0,186.18512643869232,Medium,Low,Risk
7.4,64.12929594876968,4725,3,0,0,195.60905218098807,High,Medium,Failure
6.8,79.22557629599397,1220,10,0,0,60.4686191784672,Low,Low,Safe
4.6,59.938347944934264,8731,6,0,1,72.85338077870566,Low,High,Risk
4.1,18.96145741087992,9424,7,0,0,198.1457406266758,Low,Medium,Safe
8.1,82.05675814367973,5358,10,0,1,273.0083245423249,Low,Medium,Risk
6.8,65.4156971805542,2512,1,0,0,294.7347758007524,High,Medium,Failure
7.6,41.875742082064576,9872,6,1,1,60.211253042697,Medium,High,Risk
6.2,69.04237807592598,337,7,1,1,41.10176719022726,Low,Low,Risk
4.5,29.69097302806912,6003,6,0,1,17.864005970476352,Low,Medium,Risk
4.6,37.79325980695,4332,4,1,0,260.62080843023705,Low,Medium,Risk
7.1,92.16115509753907,1957,1,1,0,89.11973921008416,High,Medium,Failure
5.9,32.597928038784936,1211,9,0,0,1.5417981269062468,Low,Low,Safe
4.9,49.64888547500398,179,4,0,1,67.92160773087222,Low,Low,Risk
6.2,89.56340805262138,6387,7,0,0,102.79188294972612,Low,Low,Risk
4.3,72.23352827541511,2413,7,1,0,297.3048646795089,Low,Low,Risk
6.6,10.909306485646761,8201,2,0,0,157.5389365632674,High,High,Failure
5.2,18.993789206502182,6033,1,1,0,62.20947033093529,High,Medium,Failure
7.6,5.744951123332098,193,8,0,1,101.11068506932187,Low,Low,Risk
5.4,64.93757007177052,8257,8,1,1,99.76199857950665,Low,Medium,Safe
6.0,47.52897541398974,7519,7,1,0,6.897998192489471,Low,Medium,Risk
4.1,17.756110835716175,294,8,0,0,41.419733197257585,Low,Low,Safe
4.3,96.00374150039319,976,3,0,0,208.86374145126015,Low,Low,Risk
5.8,55.31767377483389,3228,2,1,1,36.95504498464965,Medium,Medium,Risk
6.2,27.979862940724473,2226,7,1,0,69.98954870522951,Low,Low,Risk
6.7,52.557339259697216,5052,8,0,1,105.87045222288833,Low,Medium,Risk
5.3,69.56393160983524,936,1,0,1,227.56274840618582,Medium,Medium,Failure
7.1,12.242725707488624,8582,10,1,0,175.137888495514,Medium,Low,Safe
7.9,31.096862429549738,3448,9,0,0,207.0109955115819,Medium,Low,Risk
7.5,81.6617216339794,8547,4,1,0,170.5366853006315,High,Medium,Failure
4.2,48.66816268825282,9149,4,0,1,205.39413514133884,Low,High,Risk
6.2,56.92482849306801,2704,3,0,1,1.8498039455277615,Medium,High,Risk
4.5,46.11752020989958,7442,6,0,0,279.3385451670574,Low,Medium,Risk
5.1,9.170494551085486,1421,1,1,1,34.16514903156715,Medium,Medium,Risk
8.4,20.746229082914812,7185,6,0,0,122.46847969709455,High,Medium,Risk
4.6,47.32645568047963,370,2,1,0,231.54047270321158,Low,Low,Failure
6.2,24.872619213753143,4704,9,0,1,131.13398468481776,Low,Medium,Safe
6.8,9.748007722669481,5350,2,1,1,284.10592294858725,High,High,Failure
7.2,85.14671808492325,6811,7,1,1,140.80909560113125,Medium,Medium,Risk
6.5,98.213290270591,6904,1,0,1,262.60688227519876,High,High,Failure
4.0,80.34857302969024,5555,7,1,0,243.437605895319,Low,Medium,Safe
5.5,86.10956756194336,9373,5,1,0,294.31490453680624,Medium,Medium,Risk
6.3,27.98782738011931,6603,8,1,0,278.03778644454167,Low,Low,Risk
4.4,96.25956267375398,4092,4,1,1,269.53902657915074,Low,Medium,Risk
5.6,23.707941923075698,9059,10,0,0,219.74969781532104,Low,Medium,Safe
4.1,95.38583198437406,7548,7,0,1,110.73244603319802,Low,Medium,Safe
4.4,99.50783292676535,6686,6,0,1,32.73150015090583,Low,Medium,Safe
5.8,72.61366654587464,7412,5,1,1,206.90487062705262,Medium,High,Risk
4.6,98.20865452022308,61,4,1,0,293.6175703200515,Low,Low,Risk
6.6,59.10627905887485,244,7,0,1,218.2547267622288,Low,Low,Risk
7.1,29.656469401728582,2587,5,0,1,278.69008141392334,Medium,Medium,Failure
7.6,46.51460913823398,2892,5,1,1,241.4871091736995,Medium,Medium,Failure
4.9,61.388288860984666,2279,1,0,1,49.771287859886954,Low,Medium,Failure
4.8,11.942748392566424,3059,2,0,1,75.5119274067949,Medium,Medium,Risk
4.5,64.12261013863838,8034,5,1,1,103.21781492694276,Low,High,Risk
6.9,98.21189449241798,2127,3,0,1,51.30987285706323,Medium,Medium,Failure
7.2,23.060226729454126,7895,2,1,1,174.913748469229,High,High,Failure
4.1,80.29653604739642,3917,4,0,1,292.6597067163504,Low,Medium,Risk
8.2,91.25038540906384,4923,4,1,1,228.6761911974114,High,High,Failure
4.2,94.65165131792098,8685,4,1,1,127.5926379711711,Low,High,Risk
6.4,96.21288241851748,347,4,1,1,2.3468398131063095,Low,Medium,Risk
7.2,54.538665678539836,5906,3,1,0,94.66952733031543,High,Medium,Failure
7.9,97.84425125919284,9086,7,1,0,158.50102701997235,High,Medium,Risk
7.2,76.94446967777169,1065,9,0,1,97.95101128173921,Low,Low,Risk
7.6,20.35878644251138,1434,5,0,1,34.199441984134,Medium,Low,Risk
5.5,50.30551011445715,9639,4,0,1,133.38672210170648,Medium,High,Risk
7.7,73.24146166034038,8795,2,1,0,76.72259227274915,High,High,Failure
4.4,28.497330002812916,2400,2,0,0,272.86048056198894,Low,Low,Failure
8.0,65.8584424371443,1319,5,1,0,31.424604021803706,Medium,Low,Risk
6.5,68.32704550942883,1310,7,1,1,15.696635988688403,Low,Low,Risk
7.7,20.45647566181376,7751,10,0,1,2.5889365773037523,Medium,Medium,Safe
6.0,58.68310468301185,8426,10,1,1,99.09283566121167,Low,Medium,Safe
6.9,78.30455654296773,4613,9,0,1,198.45566462206568,Low,Low,Risk
6.4,52.39508813091448,6947,7,1,0,219.39371211165601,Medium,Medium,Risk
7.3,6.149796093730205,5722,5,1,1,136.52524333113521,Medium,Medium,Risk
4.4,5.858654562532757,5643,10,0,0,205.61426648612473,Low,Low,Safe
4.3,38.91778767715116,6205,10,1,0,108.61429682839366,Low,Low,Safe
5.1,92.9884365010193,5593,10,0,1,200.67405977599847,Low,Medium,Safe
4.7,26.724294062342832,7290,6,1,0,13.138199605409648,Low,Medium,Safe
7.9,65.26455044281028,4733,3,0,0,117.83514238553424,High,Medium,Failure
5.0,26.097207715865455,1931,5,1,0,237.46405361232055,Low,Low,Risk
8.4,35.55864901765712,8763,8,0,0,241.0988031072414,High,Medium,Risk
5.5,85.56399851214098,3859,1,0,1,215.1284848838327,Medium,Medium,Failure
4.8,74.24183701564495,5857,1,1,1,62.067347550389464,Medium,High,Failure
7.6,14.06293134475501,4933,7,0,0,74.91433056025934,Medium,Low,Risk
7.0,45.72669199371119,7256,5,1,1,298.83052945208914,Medium,High,Failure
6.2,7.771127546300125,4205,5,1,0,31.910024153386008,Medium,Medium,Risk
6.5,50.68456392728586,4723,1,0,1,55.01814697182041,High,High,Failure
7.2,67.93123111160148,1459,9,0,1,39.87785043938965,Low,Low,Safe
5.0,16.2577492418244,9936,1,0,1,98.96883414140106,High,High,Failure
8.5,32.444069196370734,5247,5,0,1,63.842574734943085,High,Medium,Risk
8.4,42.79447942270491,7502,10,0,1,149.80869990478385,Medium,Medium,Risk
6.9,92.35544734232472,8768,9,1,0,143.33019135715585,Low,Medium,Risk
4.9,99.35922646518158,2222,4,0,1,270.55018021593963,Low,Medium,Risk
7.1,9.266573404583507,329,8,1,0,11.387244285989663,Medium,Low,Risk
4.3,77.29575273206224,4027,6,0,0,96.64399342366124,Low,Low,Safe
4.1,40.31378630822261,2719,3,0,1,179.40070970712998,Low,Medium,Risk
5.2,42.2835276918006,7875,4,0,0,181.8357267913452,Medium,Medium,Risk
6.1,76.65517246796716,9993,2,1,1,144.55774247524855,High,High,Failure
7.9,92.25051105381382,4031,1,0,0,244.8839967035755,High,Medium,Failure
7.3,95.3382164777421,4819,8,1,0,19.75392925292318,Low,Medium,Safe
7.3,59.82664567364048,5297,1,1,1,244.83084190846063,High,High,Failure
5.9,38.926510133547765,4477,1,1,1,148.9315178902754,High,High,Failure
5.6,79.81716315658403,6185,4,0,1,40.994447828023645,Medium,Medium,Risk
5.7,28.845131409918526,5623,10,1,1,265.8248721486028,Low,Medium,Safe
8.4,58.58703273918419,4181,10,0,0,195.11940508274807,Low,Low,Risk
4.2,39.06495384486295,9950,6,1,1,49.900160360417644,Low,High,Safe
7.9,67.37995200224823,7239,9,0,0,11.061267296308957,Medium,Low,Safe
6.6,27.837896724883155,4585,1,1,0,43.19178485146213,High,Medium,Failure
6.0,23.20132984480845,2826,7,0,0,183.03059009393766,Low,Low,Risk
7.3,92.23271323416652,9361,10,0,0,54.609574342754485,Medium,Medium,Safe
6.2,14.671349880206005,7747,5,0,0,68.5031593876334,Medium,Medium,Risk
7.9,53.06600123481851,8436,8,1,0,8.51677800113794,Medium,Medium,Risk
8.1,25.98101438148585,712,7,1,1,217.1562709993425,Medium,Low,Risk
5.9,8.698346515938407,8721,4,0,0,243.2989555280717,Medium,High,Failure
5.2,8.421787737685507,8094,4,1,0,239.25760485486484,Medium,Medium,Risk
6.7,21.646068350053596,4268,6,1,0,39.142877257920986,Medium,Low,Risk
8.1,87.34318367807002,9665,6,1,1,271.08703708923906,Medium,High,Risk
4.9,31.835480677817532,5110,9,1,1,202.01137001274992,Low,Medium,Safe
6.8,95.29362120465309,5924,5,1,0,269.3610580906825,Low,Medium,Failure
6.8,60.25411783397339,5631,8,1,1,134.70099085466842,Low,Medium,Risk
7.3,46.47834802803278,2064,5,1,0,131.64950346402563,Medium,Low,Risk
4.6,60.10843929359819,3839,2,0,1,235.5764190867837,Medium,Medium,Failure
7.2,54.08634659649544,9153,6,0,0,28.896058787546313,Medium,Medium,Risk
8.1,77.08374410694589,7198,9,1,1,156.74133695383082,Medium,Medium,Risk
4.8,31.837126267420963,7816,3,0,1,251.07888645373646,Medium,High,Failure
5.1,38.53978720202873,2414,1,0,1,249.22757635780184,Medium,Medium,Failure
8.4,89.93895874065882,3679,1,0,0,286.88372404636834,High,Medium,Failure
4.8,94.91336874928852,5969,3,1,0,209.7835054656334,Low,Medium,Risk
7.8,89.79303161121508,5725,10,1,0,63.123418202478774,Medium,Low,Safe
6.2,44.84755942594479,8922,5,1,1,7.063814153479665,Medium,High,Risk
5.1,79.13472278565376,6688,3,1,1,144.34532378950348,Medium,High,Risk
7.9,50.25189466360438,4701,9,1,0,154.5974558211441,Medium,Low,Risk
6.0,52.26628595387971,659,8,0,1,72.83851276518051,Low,Low,Safe
6.3,24.444610360441974,7990,3,1,0,38.284536689957356,High,Medium,Risk
5.6,61.15737880955906,3916,9,0,0,176.2762416909622,Low,Low,Safe
6.7,22.682910286568053,421,6,1,0,229.51244653321825,Low,Low,Risk
4.7,36.498646411383405,7048,7,0,0,297.953076973458,Low,Medium,Risk
5.8,86.22786915389383,665,4,1,1,227.73248254594503,Low,Medium,Failure
8.4,24.672201875031245,6961,4,1,1,238.2960918624187,High,High,Failure
5.2,11.760037091476118,6060,2,1,1,185.32180259041044,Medium,High,Failure
7.0,11.555721298217549,2303,5,1,0,295.79087503203533,Medium,Low,Failure
5.5,94.37452944779525,4992,8,1,1,192.34695914925655,Low,Medium,Risk
7.5,53.15744160637429,914,7,1,0,258.2157326335116,Low,Low,Risk
4.6,43.89414682261674,1318,7,0,0,283.78960922604574,Low,Low,Risk
8.4,82.03346519575226,7504,6,1,0,279.0276916496677,High,Medium,Failure
6.0,84.40346315149903,9026,3,0,0,115.0431877912236,Medium,High,Failure
5.1,36.558148145982436,4621,5,1,0,24.519955435963336,Low,Medium,Risk
4.3,70.89371546001055,5279,1,0,0,52.3902370592348,Medium,Medium,Failure
4.8,78.25666750592923,2287,7,0,1,18.707768313585635,Low,Low,Safe
6.3,67.19181525226568,4104,9,0,1,32.513683513912866,Low,Low,Safe
5.5,19.40153210600944,985,1,0,1,56.21072252221559,Medium,Medium,Failure
7.7,88.20889293412041,6444,2,0,1,102.98720065963312,High,High,Failure
5.9,56.213982509920825,7941,3,0,0,163.51835432594766,Medium,Medium,Failure
5.1,31.834880505150352,375,3,1,0,213.7929357471707,Low,Low,Failure
6.8,45.396677616580924,9776,8,0,1,64.06727349584708,Medium,Medium,Risk
7.2,8.5692535878962,7824,7,1,1,202.08419886720367,Medium,Medium,Risk
4.8,17.14734611612967,3911,6,1,1,211.57346327622346,Low,Medium,Risk
4.8,77.72694129900678,2035,10,0,1,168.02807872299064,Low,Low,Safe
4.2,5.001105301759783,4982,10,0,1,271.1817430698145,Low,Medium,Safe
7.3,44.57375370581776,4653,4,1,1,34.187449362621386,Medium,Medium,Risk
7.0,54.6384672031309,2828,9,0,1,53.959315823123426,Low,Low,Safe
6.1,10.190269900092368,9512,1,0,1,129.17078249245597,High,High,Failure
7.8,97.44242548237162,8882,2,0,0,38.88710783503742,High,High,Failure
7.6,26.481906468718833,7804,4,0,0,170.32254697350214,High,Medium,Failure
6.6,33.89887836544668,4128,3,0,0,120.1217395162179,Medium,Medium,Failure
7.9,33.8745386642276,1417,1,0,0,86.09414256623961,High,Medium,Failure
4.9,26.88958290114824,4092,5,0,1,51.826954092273546,Low,Medium,Risk
4.5,5.140013098199584,2625,7,1,0,101.26613326611488,Low,Low,Safe
5.2,74.28775543835965,6804,2,0,1,182.77984589887026,Medium,High,Failure
4.3,96.8503224809321,1631,5,1,0,173.15977805593405,Low,Low,Risk
6.4,26.30788091207928,2036,6,1,1,49.923576062859915,Low,Medium,Risk
8.2,67.98948322132513,2290,7,1,1,38.35102341144939,Medium,Low,Risk
4.2,75.48015106107793,4016,1,1,0,8.976352020052886,Low,Medium,Risk
4.5,85.60041101359985,7654,7,0,0,4.715252544385748,Low,Medium,Safe
6.0,45.14977371629287,8370,4,1,1,264.06332028018585,Medium,High,Failure
8.2,33.77843603584078,6018,8,1,1,14.481567945611587,High,Medium,Risk
5.4,35.903037732187954,9093,4,1,1,219.63511185210064,Medium,High,Risk
6.3,72.69902664435872,7543,6,1,0,261.7235437772421,Low,Medium,Risk
4.2,82.59404931803543,4153,9,1,0,30.31929672017482,Low,Low,Safe
4.7,22.25332693687725,2126,5,0,1,131.45412572607228,Low,Medium,Risk
8.4,40.23939577498769,5281,4,0,0,288.7285919691087,High,Medium,Failure
8.3,90.68431869116925,3044,8,1,1,250.40745949655195,Medium,Medium,Risk
4.0,81.63588437100023,3794,9,0,0,147.42150552549867,Low,Low,Safe
8.3,98.56154826243521,5644,4,0,0,229.0087627246743,High,Medium,Failure
6.9,76.65358466979767,7581,3,1,0,250.1799097050675,Medium,Medium,Failure
7.9,42.353544097652616,7421,8,1,0,105.06006199342707,Medium,Medium,Risk
6.0,61.11059422949059,1694,5,1,0,267.7537221441183,Low,Low,Risk
6.3,67.79635415349543,3194,2,0,1,141.67152258346988,Medium,Medium,Failure
6.2,12.453302550126775,292,10,1,1,158.81440170409016,Low,Low,Safe
7.0,56.72721111486718,4135,9,0,0,299.9125837087275,Low,Low,Risk
4.6,72.3854787048979,8004,3,0,1,253.14758687949623,Medium,High,Risk
4.1,20.895523880100736,7319,2,0,1,109.16923172612103,Medium,High,Risk
5.4,79.16001315542793,7180,1,1,0,4.093333345337284,High,Medium,Failure
7.2,60.4584141488406,6878,8,0,1,188.2260480643745,Medium,Medium,Risk
4.9,95.4610696412715,8412,3,1,0,211.47011441230424,Low,High,Risk
7.0,9.030118329654712,8894,7,1,1,195.59000435287052,Medium,Medium,Risk
8.4,30.205983067769363,6381,1,1,1,290.3908429978007,High,High,Failure
4.4,62.14761853348329,3562,1,1,1,259.0283371723111,Medium,Medium,Failure
7.0,33.173191659563415,1549,9,1,1,135.2006762610139,Low,Low,Safe
6.0,72.87029558676801,2208,8,0,1,19.794388754241908,Low,Low,Safe
7.9,77.10550183958344,5212,3,0,1,143.34157208109707,High,Medium,Failure
4.8,14.739016586315072,4089,6,0,1,207.0839619686449,Low,Medium,Risk
7.1,53.816174099642936,2085,3,0,0,182.70523265987438,Medium,Low,Failure
7.8,53.34460278115031,8027,4,0,0,161.90298324555457,High,High,Failure
8.3,40.0816731704764,907,1,1,0,141.17686844655717,High,Medium,Failure
7.1,93.62786194411885,3873,5,1,0,88.83480003518851,Medium,Medium,Risk
6.2,83.61310038795601,6820,1,0,1,83.92668175566415,Medium,High,Failure
6.8,71.2348912814155,9291,1,0,1,150.56921219881477,High,High,Failure
7.9,72.86103039482477,348,10,0,1,49.020340782465055,Low,Low,Safe
6.6,48.863033662246316,7294,7,1,0,102.86494164886567,Medium,Medium,Risk
4.1,92.4944795041747,973,6,1,0,97.86980313831977,Low,Low,Risk
8.2,70.98656558906211,4282,2,1,0,176.55270767367605,High,Medium,Failure
7.1,74.25320085730256,4356,2,0,1,20.93800780854435,High,Medium,Failure
7.0,86.8606358597978,2849,7,0,0,249.07093539926345,Medium,Low,Risk
5.0,31.036800987508144,6628,1,0,1,169.15113573493625,Medium,High,Failure
7.0,81.67173586733678,4925,2,0,0,201.57717755200466,Medium,Medium,Failure
5.8,23.547857280866744,5376,8,1,1,211.22507722407042,Low,Medium,Risk
6.9,37.80748546326434,6632,6,0,0,88.15375691591841,Medium,Medium,Risk
4.5,36.882993155635056,1852,2,0,1,141.6410986480751,Low,Medium,Risk
7.0,97.95991949696835,2707,7,0,0,286.9175408050305,Medium,Low,Risk
8.5,86.37103625605305,3396,4,1,0,230.24486616104764,High,Low,Failure
4.2,71.61113685107468,9713,2,1,1,290.8975056917324,Low,High,Failure
8.4,74.07039235346207,2999,6,0,1,224.1300491987402,Medium,Medium,Risk
5.8,58.39691546824425,991,9,1,0,53.504441772846704,Low,Low,Safe
7.9,94.97361337530931,1957,9,1,1,20.296229269558193,Low,Low,Safe
7.5,52.14458152382435,4887,8,1,0,173.72076957917943,Medium,Low,Risk
6.6,41.14918243763998,8155,3,1,1,107.98617063108026,High,High,Failure
7.3,20.488357008501147,1293,3,1,0,83.3619151313129,High,Low,Failure
8.0,79.68953696480051,5746,2,0,1,242.35608793119982,High,Medium,Failure
5.8,74.77217354718118,1516,5,0,0,110.73098685750226,Low,Medium,Risk
5.5,41.51372865979281,4007,4,0,0,95.78328995055688,Medium,Low,Risk
7.0,7.393374326126789,2016,7,1,0,255.1462903575341,Medium,Low,Risk
7.6,84.70474613321102,425,4,1,1,254.0399136094516,Medium,Low,Failure
7.4,6.084708428136995,312,9,1,0,107.55362468876193,Low,Low,Safe
7.6,71.85147906475984,4412,2,1,1,249.9171115948039,High,High,Failure
6.0,97.17442542397542,6552,6,0,1,255.3827686094655,Low,High,Risk
7.7,46.57782617407933,7883,7,0,1,127.75522997387021,Medium,High,Risk
4.5,27.322473474615514,1943,4,0,0,20.875465932542298,Low,Low,Risk
6.5,71.96274595412126,8156,6,0,1,1.4738086954356904,Medium,Medium,Risk
4.0,82.62717349148059,1702,7,0,1,157.46444640380952,Low,Low,Safe
5.5,56.91088002739549,5590,4,0,1,103.87857251773636,Medium,High,Risk
5.6,96.86835114933389,3942,8,1,0,299.14243635335146,Low,Low,Risk
5.8,9.908528557506305,649,9,1,1,231.95088888855798,Low,Low,Safe
7.1,52.95558183893017,4865,1,0,1,228.62136144877334,High,High,Failure
5.7,73.25312499564225,1962,7,1,1,286.61758771791574,Low,Medium,Risk
6.0,86.950844759172,9534,9,0,1,266.4295949701029,Medium,Medium,Risk
5.1,22.029283131240053,8842,10,0,0,96.13805635746021,Low,Medium,Safe
5.7,81.00033076754974,8622,5,1,0,50.63017925955903,Medium,Medium,Risk
5.0,57.5071721932618,4263,2,0,1,224.02178725457918,Medium,Medium,Failure
4.3,42.67259978904651,3687,10,0,1,114.10389421117902,Low,Medium,Safe
6.7,17.512927715013888,9340,6,0,1,142.478622837656,High,High,Risk
7.0,87.20309709634668,5649,7,1,1,189.48892165117326,Medium,Medium,Risk
6.8,19.94095477707296,6498,2,1,0,272.45393040363695,High,Medium,Failure
6.1,34.429846624864425,8607,2,1,0,126.30723834761882,High,High,Failure
5.7,32.554325536431506,7432,10,1,0,235.21175017558903,Low,Medium,Safe
7.9,87.78433324813116,9032,10,0,0,81.23359759112257,Medium,Medium,Safe
